date,narration,withdrawal,deposit,balance,category,source,hard_case
2026-04-01,UPI/CR/363020409019/UPI,,9335.69,159335.69,sales,synthetic,0
2026-04-01,POS SETT/567599/HDFC,,10784.13,170119.82,sales,synthetic,0
2026-04-02,UPI/CR/636577998761/UPI,,9229.79,179349.61,sales,synthetic,0
2026-04-02,UPI MERCH SETT/149275040,,9772.41,189122.02,sales,synthetic,0
2026-04-02,NEFT/SHOPRENT/935349,32000.00,,157122.02,rent,synthetic,0
2026-04-02,NEFT/METRO WHOLESALE/682583,55612.16,,101509.86,suppliers,synthetic,0
2026-04-03,UPI MERCH SETT/237540402,,16205.50,117715.36,sales,synthetic,0
2026-04-03,POS SETT/415282/HDFC,,11251.91,128967.27,sales,synthetic,0
2026-04-04,UPI MERCH SET/447712782,,8367.26,137334.53,sales,synthetic,0
2026-04-04,POSSETT/223313/HDFC,,12994.53,150329.06,sales,synthetic,0
2026-04-04,UPI/475189335901,,10195.59,160524.65,sales,synthetic,1
2026-04-04,UPI/BALAJI FMCG/492663,40389.81,,120134.84,suppliers,synthetic,0
2026-04-04,UPI REVERSAL/233079631,363.42,,119771.42,sales,synthetic,0
2026-04-05,POS SETT/331842/HDFC,,15995.50,135766.92,sales,synthetic,0
2026-04-05,POS SETT/234123/HDFC,,15853.23,151620.15,sales,synthetic,0
2026-04-05,UPI/FLIPKART,3099.78,,148520.37,personal,synthetic,0
2026-04-06,UPI MERCH SETT/449366019,,11775.40,160295.77,sales,synthetic,0
2026-04-06,UPI/CR/649102271949/UPI,,9590.46,169886.23,sales,synthetic,0
2026-04-06,Chrg:SMS/AMB/Txn,81.81,,169804.42,charges,synthetic,0
2026-04-07,UPI/CR/150161771708/UPI,,12079.65,181884.07,sales,synthetic,0
2026-04-07,UPI/CR/581436420852/UPI,,13222.17,195106.24,sales,synthetic,0
2026-04-07,SALARY/RAJESHK/UPI,19415.00,,175691.24,salary,synthetic,0
2026-04-07,SALARY/MANOJ S/UPI,18250.00,,157441.24,salary,synthetic,0
2026-04-07,UPI/BALAJI FMCG/836652,44509.76,,112931.48,suppliers,synthetic,0
2026-04-08,UPI/CR/753401366145/UPI,,12048.04,124979.52,sales,synthetic,0
2026-04-08,UPI MERCH SETT/713854886,,13315.68,138295.20,sales,synthetic,0
2026-04-09,POS SETT/814587/HDFC,,7962.06,146257.26,sales,synthetic,0
2026-04-09,UPI MERCH SETT/293330104,,9139.67,155396.93,sales,synthetic,0
2026-04-09,UPI/shop@upi,,6982.65,162379.58,sales,synthetic,1
2026-04-09,UPI/METRO WHOLESALE/869212,55276.34,,107103.24,suppliers,synthetic,0
2026-04-09,UPI REVERSAL/965849955,275.55,,106827.69,sales,synthetic,0
2026-04-10,POS SETT/127489/HDFC,,13887.61,120715.30,sales,synthetic,0
2026-04-10,UPI MERCH SETT/861717798,,11142.58,131857.88,sales,synthetic,0
2026-04-11,UPI MERCH SE,,9620.66,141478.54,sales,synthetic,0
2026-04-11,UPI/CR/190143167733/UPI,,12470.67,153949.21,sales,synthetic,0
2026-04-11,BESCOM ELECTRICITY,10094.97,,143854.24,utilities,synthetic,0
2026-04-11,UPI/SHREE DISTRIBUTORS/526387,45913.57,,97940.67,suppliers,synthetic,0
2026-04-11,IMPS/SHREE DISTRIBUTORS/555667,41678.65,,56262.02,suppliers,synthetic,0
2026-04-12,UPI MERCH SETT/975488286,,11583.24,67845.26,sales,synthetic,0
2026-04-12,UPI/CR/671641510051/UPI,,9776.22,77621.48,sales,synthetic,0
2026-04-12,UPI/SWIGGY/ORDER,2337.73,,75283.75,personal,synthetic,0
2026-04-13,UPI REFUND/930518,,1366.42,76650.17,other_income,synthetic,0
2026-04-13,POS SETT/709531/HDFC,,13178.76,89828.93,sales,synthetic,0
2026-04-13,UPI MERCH SETT/684893912,,12688.85,102517.78,sales,synthetic,0
2026-04-14,POS SETT/979568/HDFC,,10256.01,112773.79,sales,synthetic,0
2026-04-14,POS SETT/705861/HDFC,,9904.77,122678.56,sales,synthetic,0
2026-04-14,ACT FIBERNET,1399.00,,121279.56,utilities,synthetic,0
2026-04-14,NEFT/NANDINI TRADERS/519186,16596.69,,104682.87,suppliers,synthetic,0
2026-04-15,POS SETT/642966/HDFC,,8626.94,113309.81,sales,synthetic,0
2026-04-15,UPI/CR/311151170103/UPI,,9007.22,122317.03,sales,synthetic,0
2026-04-15,UPI MERCH SETT/225638245,,10440.95,132757.98,sales,synthetic,0
2026-04-16,UPI MERCH SETT/177380200,,9001.29,141759.27,sales,synthetic,0
2026-04-16,UPI MERCH SETT/881188535,,10417.12,152176.39,sales,synthetic,0
2026-04-16,UPI/SHREE DISTRIBUTORS/321555,15254.80,,136921.59,suppliers,synthetic,0
2026-04-17,POS SETT/647567/HDFC,,7534.36,144455.95,sales,synthetic,0
2026-04-17,UPI/CR/985250783223/UPI,,10215.17,154671.12,sales,synthetic,0
2026-04-17,UPI MERCH SETT/846254475,,9027.05,163698.17,sales,synthetic,0
2026-04-17,ATM CASH WDL,11214.38,,152483.79,other,synthetic,0
2026-04-18,UPI MERCH SETT/976094586,,13331.31,165815.10,sales,synthetic,0
2026-04-18,UPI MERCH SETT/669394209,,20673.64,186488.74,sales,synthetic,0
2026-04-18,NEFT/METRO WHOLESALE/664872,34964.25,,151524.49,suppliers,synthetic,0
2026-04-19,UPI/CR/318918727802/UPI,,17821.29,169345.78,sales,synthetic,0
2026-04-19,POS SETT/745977/HDFC,,15183.59,184529.37,sales,synthetic,0
2026-04-19,UPI/ZOMATO/ORDER,2437.37,,182092.00,personal,synthetic,0
2026-04-20,UPI MERCH SETT/999430973,,13973.68,196065.68,sales,synthetic,0
2026-04-20,UPI/CR/181483589219/UPI,,10532.09,206597.77,sales,synthetic,0
2026-04-20,GST PAYMENT/17930077,23554.82,,183042.95,tax,synthetic,0
2026-04-21,UPI/CR/704779795718/UPI,,9940.15,192983.10,sales,synthetic,0
2026-04-21,UPI MERCH SETT/348355629,,11370.22,204353.32,sales,synthetic,0
2026-04-21,NEFT/METRO WHOLESALE/821487,30881.62,,173471.70,suppliers,synthetic,0
2026-04-22,UPI/RAJESHK@OKHDFCBANK/327910/Payment from,,385.04,173856.74,other_income,synthetic,0
2026-04-22,POS SETT/325631/HDFC,,9844.96,183701.70,sales,synthetic,0
2026-04-22,POS SETT/815571/HDFC,,9527.63,193229.33,sales,synthetic,0
2026-04-22,UPI MERCH SETT/684790659,,6308.34,199537.67,sales,synthetic,0
2026-04-22,UPI/RAJESHK@OKHDFCBANK/193543/UPI,648.87,,198888.80,personal,synthetic,0
2026-04-23,UPI/abc123@okhdfcbank,,14657.17,213545.97,sales,synthetic,1
2026-04-23,UPI/CR/936390821031/UPI,,12520.53,226066.50,sales,synthetic,0
2026-04-23,IMPS/NANDINI TRADERS/122416,47785.98,,178280.52,suppliers,synthetic,0
2026-04-24,POS SETT/446131/HDFC,,7128.30,185408.82,sales,synthetic,0
2026-04-24,UPI/CR/699716692764/UPI,,5465.85,190874.67,sales,synthetic,0
2026-04-24,POS SETT/252735/HDFC,,6763.51,197638.18,sales,synthetic,0
2026-04-25,UPI MERCH SETT/160024853,,13115.77,210753.95,sales,synthetic,0
2026-04-25,POS SETT/588916/HDFC,,13208.25,223962.20,sales,synthetic,0
2026-04-25,NEFT/BALAJI FMCG/771817,20781.34,,203180.86,suppliers,synthetic,0
2026-04-26,UPI MERCH SETT/321253809,,9054.71,212235.57,sales,synthetic,0
2026-04-26,POS SETT/489173/HDFC,,9050.16,221285.73,sales,synthetic,0
2026-04-26,UPI/CR/884307785014/UPI,,8779.29,230065.02,sales,synthetic,0
2026-04-26,Chrg:SMS/AMB/Txn,65.48,,229999.54,charges,synthetic,0
2026-04-27,UPI/pay@okaxis,,7162.22,237161.76,sales,synthetic,1
2026-04-27,UPI MERCH SETT/275497920,,10071.60,247233.36,sales,synthetic,0
2026-04-27,UPI MERCH SETT/892369521,,6267.73,253501.09,sales,synthetic,0
2026-04-27,UPI/FLIPKART,3483.20,,250017.89,personal,synthetic,0
2026-04-28,POS SETT/789058/HDFC,,9343.85,259361.74,sales,synthetic,0
2026-04-28,POS SETT/440277/HDFC,,10084.96,269446.70,sales,synthetic,0
2026-04-28,UPI MERCH SETT/953526502,,8714.52,278161.22,sales,synthetic,0
2026-04-28,IMPS/NANDINI TRADERS/968635,59767.72,,218393.50,suppliers,synthetic,0
2026-04-29,UPI MERCH SETT/325106419,,5535.76,223929.26,sales,synthetic,0
2026-04-29,UPI/CR/231358923991/UPI,,5335.41,229264.67,sales,synthetic,0
2026-04-29,UPI MERCH SETT/434795752,,8029.14,237293.81,sales,synthetic,0
2026-04-30,POS SETT/750261/HDFC,,5925.68,243219.49,sales,synthetic,0
2026-04-30,UPI MERCH SETT/833475660,,9638.62,252858.11,sales,synthetic,0
2026-04-30,UPI/CR/691055508295/UPI,,7500.74,260358.85,sales,synthetic,0
2026-04-30,NEFT/SHREE DISTRIBUTORS/917200,20220.52,,240138.33,suppliers,synthetic,0
2026-04-30,UPI REVERSAL/632910072,319.19,,239819.14,sales,synthetic,0
2026-05-01,UPI MERCH SETT/918191267,,14595.58,254414.72,sales,synthetic,0
2026-05-01,UPI/CR/189218706578/UPI,,13358.51,267773.23,sales,synthetic,0
2026-05-02,UPI MERCH SETT/924560482,,16330.72,284103.95,sales,synthetic,0
2026-05-02,UPI MERCH SETT/555321175,,21677.12,305781.07,sales,synthetic,0
2026-05-02,NEFT/SHOP RENT/311171,42000.00,,263781.07,rent,synthetic,0
2026-05-02,NEFT/NANDINI TRADERS/171383,42495.89,,221285.18,suppliers,synthetic,0
2026-05-02,IMPS/NANDINI TRADERS/129571,50309.98,,170975.20,suppliers,synthetic,0
2026-05-03,UPI/CR/6412,,13896.40,184871.60,sales,synthetic,0
2026-05-03,POS SETT/509958/HDFC,,10413.72,195285.32,sales,synthetic,0
2026-05-04,UPI MERCH SETT/163726574,,12456.58,207741.90,sales,synthetic,0
2026-05-04,POS SETT/171984/HDFC,,9114.37,216856.27,sales,synthetic,0
2026-05-05,POS SETT/507953/HDFC,,14894.88,231751.15,sales,synthetic,0
2026-05-05,POS SETT/546481/HDFC,,19064.57,250815.72,sales,synthetic,0
2026-05-05,IMPS/NANDINI ,32581.89,,218233.83,suppliers,synthetic,0
2026-05-05,POS/AMAZON,2859.75,,215374.08,personal,synthetic,0
2026-05-06,POS SETT/174899/HDFC,,7673.15,223047.23,sales,synthetic,0
2026-05-06,POS SETT/917078/HDFC,,12381.17,235428.40,sales,synthetic,0
2026-05-06,Chrg:SMS/AMB/Txn,211.52,,235216.88,charges,synthetic,0
2026-05-07,UPI MERCH SETT/837041992,,8004.15,243221.03,sales,synthetic,0
2026-05-07,UPI/CR/700553286970/UPI,,11390.64,254611.67,sales,synthetic,0
2026-05-07,SALARY/RAJESH K/UPI,21529.00,,233082.67,salary,synthetic,0
2026-05-07,SALARY/MANOJS/UPI,19033.00,,214049.67,salary,synthetic,0
2026-05-07,UPI/431634654907,24662.66,,189387.01,suppliers,synthetic,1
2026-05-07,UPI REVERSAL/580722094,1260.59,,188126.42,sales,synthetic,0
2026-05-08,UPI MERCH SETT/785001786,,11573.88,199700.30,sales,synthetic,0
2026-05-08,UPI MERCH SETT/431342534,,14801.80,214502.10,sales,synthetic,0
2026-05-09,UPI MERCH SETT/990639774,,14675.71,229177.81,sales,synthetic,0
2026-05-09,POS SETT/106203/HDFC,,18397.36,247575.17,sales,synthetic,0
2026-05-09,NEFT/NANDINI TRADERS/216696,20151.87,,227423.30,suppliers,synthetic,0
2026-05-10,UPI/CR/913131991586/UPI,,10792.32,238215.62,sales,synthetic,0
2026-05-10,UPI MERCH SETT/671968890,,13535.97,251751.59,sales,synthetic,0
2026-05-11,POS SETT/346471/HDFC,,18920.67,270672.26,sales,synthetic,0
2026-05-11,POS SETT/502680/HDFC,,12942.99,283615.25,sales,synthetic,0
2026-05-11,BESCOM ELECTRICITY,5524.57,,278090.68,utilities,synthetic,0
2026-05-12,POS SETT/179941/HDFC,,11665.37,289756.05,sales,synthetic,0
2026-05-12,POS SETT/849504/HDFC,,9539.05,299295.10,sales,synthetic,0
2026-05-12,UPI/SHREE DISTRIBUTORS/360007,44938.83,,254356.27,suppliers,synthetic,0
2026-05-12,UPI/SWIGGY/ORDER,1243.35,,253112.92,personal,synthetic,0
2026-05-13,UPI MERCH SETT/525777572,,17472.48,270585.40,sales,synthetic,0
2026-05-13,UPI/CR/285266766525/UPI,,10806.17,281391.57,sales,synthetic,0
2026-05-14,UPI/CR/597906549423/UPI,,12404.06,293795.63,sales,synthetic,0
2026-05-14,UPI MERCH SETT/942322568,,11291.67,305087.30,sales,synthetic,0
2026-05-14,ACT FIBERNET,1399.00,,303688.30,utilities,synthetic,0
2026-05-14,UPI/BALAJI FMCG/703835,54364.31,,249323.99,suppliers,synthetic,0
2026-05-14,UPI REVERSAL/348344333,574.51,,248749.48,sales,synthetic,0
2026-05-15,POS SETT/154773/HDFC,,9123.06,257872.54,sales,synthetic,0
2026-05-15,UPI MERCH SETT/601172600,,10284.12,268156.66,sales,synthetic,0
2026-05-15,UPI/CR/557739923948/UPI,,9498.01,277654.67,sales,synthetic,0
2026-05-16,POS SETT/361238/HDFC,,19778.09,297432.76,sales,synthetic,0
2026-05-16,UPI/CR/764193060909/UPI,,20377.70,317810.46,sales,synthetic,0
2026-05-16,IMPS/METRO WHOLESALE/919853,38788.73,,279021.73,suppliers,synthetic,0
2026-05-16,UPI/SHREE DISTRIBUTORS/936097,17906.04,,261115.69,suppliers,synthetic,0
2026-05-17,UPI/shop@upi,,10831.34,271947.03,sales,synthetic,1
2026-05-17,UPI/CR/956157254460/UPI,,12435.68,284382.71,sales,synthetic,0
2026-05-17,ATM CASH WDL,10072.98,,274309.73,other,synthetic,0
2026-05-18,UPI/417269839788,,15067.14,289376.87,sales,synthetic,1
2026-05-18,UPI/CR/233640177795/UPI,,14662.08,304038.95,sales,synthetic,0
2026-05-19,UPI/CR/874215907364/UPI,,7348.38,311387.33,sales,synthetic,0
2026-05-19,UPI/CR/345148705420/UPI,,8516.57,319903.90,sales,synthetic,0
2026-05-19,UPI/CR/450453385780/UPI,,8552.00,328455.90,sales,synthetic,0
2026-05-19,UPI/METRO WHOLESALE/885566,44173.87,,284282.03,suppliers,synthetic,0
2026-05-19,UPI/FLIPKART,1077.52,,283204.51,personal,synthetic,0
2026-05-20,POS SETT/833840/HDFC,,8449.60,291654.11,sales,synthetic,0
2026-05-20,UPI/CR/750951777275/UPI,,7178.41,298832.52,sales,synthetic,0
2026-05-20,POS SETT/953581/HDFC,,8861.52,307694.04,sales,synthetic,0
2026-05-20,GST PAYMENT/90045225,18942.04,,288752.00,tax,synthetic,0
2026-05-21,UPI/CR/302612364556/UPI,,17419.31,306171.31,sales,synthetic,0
2026-05-21,UPI MERCH SET/261973069,,14954.69,321126.00,sales,synthetic,0
2026-05-21,UPI/NANDINI TRADERS/746766,28514.27,,292611.73,suppliers,synthetic,0
2026-05-22,UPI/RAJESHK@OKHDFCBANK/763908/Payment from,,414.51,293026.24,other_income,synthetic,0
2026-05-22,POS SETT/510101/HDFC,,13808.16,306834.40,sales,synthetic,0
2026-05-22,POS SETT/736460/HDFC,,15759.00,322593.40,sales,synthetic,0
2026-05-22,UPI/RAJESHK@OKHDFCBANK/926126/UPI,861.41,,321731.99,personal,synthetic,0
2026-05-23,POS SETT/4,,18093.09,339825.08,sales,synthetic,0
2026-05-23,UPI/CR/853529701720/UPI,,20025.92,359851.00,sales,synthetic,0
2026-05-23,UPI/BALAJI FMCG/588985,16336.24,,343514.76,suppliers,synthetic,0
2026-05-23,IMPS/METRO WHOLESALE/231611,36268.62,,307246.14,suppliers,synthetic,0
2026-05-24,UPI MERCH SETT/723252764,,16851.66,324097.80,sales,synthetic,0
2026-05-24,POS SETT/440257/HDFC,,17546.47,341644.27,sales,synthetic,0
2026-05-25,UPI/CR/137890333178/UPI,,9302.24,350946.51,sales,synthetic,0
2026-05-25,UPI/CR/319011519451/UPI,,11612.33,362558.84,sales,synthetic,0
2026-05-25,UPI MERCH SETT/636044255,,11660.77,374219.61,sales,synthetic,0
2026-05-26,POS SETT/815109/HDFC,,11284.99,385504.60,sales,synthetic,0
2026-05-26,UPI/pay@okaxis,,16688.70,402193.30,sales,synthetic,1
2026-05-26,UPI/NANDINI TRADERS/323647,55034.55,,347158.75,suppliers,synthetic,0
2026-05-26,Chrg:SMS/AMB/Txn,224.67,,346934.08,charges,synthetic,0
2026-05-27,UPI/CR/820973357731/UPI,,19654.03,366588.11,sales,synthetic,0
2026-05-27,UPI/shop@upi,,13884.82,380472.93,sales,synthetic,1
2026-05-27,POS/AMAZON,2908.81,,377564.12,personal,synthetic,0
2026-05-27,UPI/114063359556,871.27,,376692.85,sales,synthetic,1
2026-05-28,UPI/CR/798837536156/UPI,,7332.57,384025.42,sales,synthetic,0
2026-05-28,POS SETT/153631/HDFC,,9073.01,393098.43,sales,synthetic,0
2026-05-28,UPI MERCH SETT/344736371,,8932.79,402031.22,sales,synthetic,0
2026-05-28,IMPS/BALAJI FMCG/275279,38128.31,,363902.91,suppliers,synthetic,0
2026-05-29,POS SETT/708758/HDFC,,10262.96,374165.87,sales,synthetic,0
2026-05-29,POS SETT/315459/HDFC,,10486.37,384652.24,sales,synthetic,0
2026-05-30,UPI MERCH SETT/435133643,,20605.30,405257.54,sales,synthetic,0
2026-05-30,UPI/CR/252123522328/UPI,,16837.01,422094.55,sales,synthetic,0
2026-05-30,IMPS/METRO WHOLESALE/117445,55529.24,,366565.31,suppliers,synthetic,0
2026-05-30,UPI/BALAJI FMCG/986191,53709.39,,312855.92,suppliers,synthetic,0
2026-05-31,POS SETT/188632/HDFC,,8183.76,321039.68,sales,synthetic,0
2026-05-31,POS SETT/637380/HDFC,,9048.36,330088.04,sales,synthetic,0
2026-05-31,UPI MERCH SETT/690568940,,6690.36,336778.40,sales,synthetic,0
2026-06-01,POS SETT/972710/HDFC,,13963.98,350742.38,sales,synthetic,0
2026-06-01,UPI/CR/584190882936/UPI,,20585.52,371327.90,sales,synthetic,0
2026-06-02,UPI/CR/120946096704/UPI,,15436.36,386764.26,sales,synthetic,0
2026-06-02,UPI MERCH SETT/456979095,,14229.99,400994.25,sales,synthetic,0
2026-06-02,NEFT/SHOP RENT/224247,42000.00,,358994.25,rent,synthetic,0
2026-06-02,IMPS/BALAJI FMCG/731455,26382.21,,332612.04,suppliers,synthetic,0
2026-06-03,POS SETT/288601/HDFC,,16539.13,349151.17,sales,synthetic,0
2026-06-03,POS SETT/862893/HDFC,,17752.45,366903.62,sales,synthetic,0
2026-06-04,UPI/CR/874143150598/UPI,,17518.97,384422.59,sales,synthetic,0
2026-06-04,POS SETT/842080/HDFC,,19492.74,403915.33,sales,synthetic,0
2026-06-04,UPI/SHREE DISTRIBUTORS/108011,54973.89,,348941.44,suppliers,synthetic,0
2026-06-05,UPI/CR/116645709669/UPI,,13369.88,362311.32,sales,synthetic,0
2026-06-05,UPI/pay@okaxis,,13618.23,375929.55,sales,synthetic,1
2026-06-05,UPI/FLI,1186.88,,374742.67,personal,synthetic,0
2026-06-06,UPI MERCH SETT/989596838,,13276.43,388019.10,sales,synthetic,0
2026-06-06,UPI/CR/104451534806/UPI,,13247.95,401267.05,sales,synthetic,0
2026-06-06,NEFT/METRO WHOLESALE/118654,38865.62,,362401.43,suppliers,synthetic,0
2026-06-06,IMPS/BALAJI FMCG/590228,20583.69,,341817.74,suppliers,synthetic,0
2026-06-06,Chrg:SMS/AMB/Txn,50.09,,341767.65,charges,synthetic,0
2026-06-07,UPI/CR/494584802282/UPI,,6842.54,348610.19,sales,synthetic,0
2026-06-07,UPI MERCH SETT/996956618,,8745.14,357355.33,sales,synthetic,0
2026-06-07,UPI MERCH SETT/501128828,,10261.84,367617.17,sales,synthetic,0
2026-06-07,SALARY/RAJESH K/UPI,22446.00,,345171.17,salary,synthetic,0
2026-06-07,SALARY/MANOJ S/UPI,19663.00,,325508.17,salary,synthetic,0
2026-06-08,UPI MERCH SETT/230186274,,14518.18,340026.35,sales,synthetic,0
2026-06-08,UPI MERCH SETT/646628650,,15082.65,355109.00,sales,synthetic,0
2026-06-09,POS SETT/645079/HDFC,,16539.69,371648.69,sales,synthetic,0
2026-06-09,UPI/CR/544846630559/UPI,,17085.17,388733.86,sales,synthetic,0
2026-06-09,NEFT/BALAJI FMCG/476816,48601.04,,340132.82,suppliers,synthetic,0
2026-06-10,POS SETT/395069/HDFC,,21262.39,361395.21,sales,synthetic,0
2026-06-10,UPI/CR/285136374328/UPI,,15595.50,376990.71,sales,synthetic,0
2026-06-11,UPI MERCH SET/523938499,,13140.46,390131.17,sales,synthetic,0
2026-06-11,POSSETT/259542/HDFC,,20358.46,410489.63,sales,synthetic,0
2026-06-11,BESCOM ELECTRICITY,5657.31,,404832.32,utilities,synthetic,0
2026-06-11,IMPS/METRO WHOLESALE/638431,46346.87,,358485.45,suppliers,synthetic,0
2026-06-12,POS SETT/588874/HDFC,,10843.06,369328.51,sales,synthetic,0
2026-06-12,UPI/CR/631029242667/UPI,,12276.72,381605.23,sales,synthetic,0
2026-06-12,UPI/FLIPKART,3297.23,,378308.00,personal,synthetic,0
2026-06-13,UPIREFUND/857156,,1013.62,379321.62,other_income,synthetic,0
2026-06-13,POS SETT/274664/HDFC,,12686.83,392008.45,sales,synthetic,0
2026-06-13,UPI/CR/736838614137/UPI,,17463.46,409471.91,sales,synthetic,0
2026-06-13,IMPS/SHREE DISTRIBUTORS/197975,42736.31,,366735.60,suppliers,synthetic,0
2026-06-13,NEFT/SHREE DISTRIBUTORS/470602,17296.45,,349439.15,suppliers,synthetic,0
2026-06-14,UPI MERCH SETT/759121757,,14404.14,363843.29,sales,synthetic,0
2026-06-14,POS SETT/942417/HDFC,,13511.58,377354.87,sales,synthetic,0
2026-06-14,ACT FIBERNET,1199.00,,376155.87,utilities,synthetic,0
2026-06-14,UPI REVERSAL/368420444,313.26,,375842.61,sales,synthetic,0
2026-06-15,POS SETT/928451/HDFC,,11160.04,387002.65,sales,synthetic,0
2026-06-15,UPI/CR/563472155280/UPI,,11576.73,398579.38,sales,synthetic,0
2026-06-15,POS SETT/735740/HDFC,,12341.84,410921.22,sales,synthetic,0
2026-06-16,UPI MERCH SETT/796701367,,20847.39,431768.61,sales,synthetic,0
2026-06-16,UPI MERCH SETT/750321097,,16016.54,447785.15,sales,synthetic,0
2026-06-16,UPI/SHREE DISTRIBUTORS/415207,41677.36,,406107.79,suppliers,synthetic,0
2026-06-16,UPI REVERSAL/196807761,1591.57,,404516.22,sales,synthetic,0
2026-06-17,UPI/600987435525,,8523.24,413039.46,sales,synthetic,1
2026-06-17,UPI MERCH SETT/853712889,,13995.03,427034.49,sales,synthetic,0
2026-06-17,ATM CASH WDL,6298.56,,420735.93,other,synthetic,0
2026-06-18,UPI MERCH SETT/702450903,,12249.45,432985.38,sales,synthetic,0
2026-06-18,UPI/CR/777298506465/UPI,,14731.17,447716.55,sales,synthetic,0
2026-06-18,NEFT/METRO WHOLESALE/961101,19211.52,,428505.03,suppliers,synthetic,0
2026-06-19,UPI MERCH SETT/856174359,,8999.75,437504.78,sales,synthetic,0
2026-06-19,POS SETT/626913/HDFC,,13042.49,450547.27,sales,synthetic,0
2026-06-19,POS SETT/456170/HDFC,,10083.41,460630.68,sales,synthetic,0
2026-06-19,UPI/FLIPKART,2968.67,,457662.01,personal,synthetic,0
2026-06-20,UPI/CR/368766568556/UPI,,17705.77,475367.78,sales,synthetic,0
2026-06-20,UPI/shop@upi,,17657.11,493024.89,sales,synthetic,1
2026-06-20,GST PAYMENT/32750774,28982.02,,464042.87,tax,synthetic,0
2026-06-20,IMPS/SHREE DISTRIBUTORS/807823,52230.26,,411812.61,suppliers,synthetic,0
2026-06-20,UPI/NANDINI TRADERS/522701,32303.37,,379509.24,suppliers,synthetic,0
2026-06-21,UPI/abc123@okhdfcbank,,16570.82,396080.06,sales,synthetic,1
2026-06-21,UPI MERCH SETT/212813049,,15784.43,411864.49,sales,synthetic,0
2026-06-22,UPI/RAJESHK@OKHDFCBANK/839155/Payment from,,521.24,412385.73,other_income,synthetic,0
2026-06-22,UPI/CR/529222018205/UPI,,12342.45,424728.18,sales,synthetic,0
2026-06-22,POSSETT/981938/HDFC,,17734.22,442462.40,sales,synthetic,0
2026-06-22,UPI/RAJESHK@OKHDFCBANK/131218/UPI,603.75,,441858.65,personal,synthetic,0
2026-06-23,POS SETT/662204/HDFC,,9426.74,451285.39,sales,synthetic,0
2026-06-23,POS SETT/629131/HDFC,,7839.20,459124.59,sales,synthetic,0
2026-06-23,POS SETT/115062/HDFC,,11912.39,471036.98,sales,synthetic,0
2026-06-23,UPI/METRO WHOLESALE/224887,52816.21,,418220.77,suppliers,synthetic,0
2026-06-24,UPI MERCH SETT/955305716,,14264.22,432484.99,sales,synthetic,0
2026-06-24,POS SETT/612775/HDFC,,16024.18,448509.17,sales,synthetic,0
2026-06-25,UPI/pay@okaxis,,14684.38,463193.55,sales,synthetic,1
2026-06-25,UPI/CR/732283676494/UPI,,14120.75,477314.30,sales,synthetic,0
2026-06-25,ADVANCE TAX,29426.34,,447887.96,tax,synthetic,0
2026-06-25,UPI/NANDINI TRADERS/910465,54616.68,,393271.28,suppliers,synthetic,0
2026-06-26,UPI MERCH SETT/242966406,,17576.26,410847.54,sales,synthetic,0
2026-06-26,UPI/CR/472531901139/UPI,,11620.23,422467.77,sales,synthetic,0
2026-06-26,Chrg:SMS/AMB/Txn,175.70,,422292.07,charges,synthetic,0
2026-06-26,UPI REVERSAL/814936499,1278.98,,421013.09,sales,synthetic,0
2026-06-27,UPI/shop@upi,,18347.73,439360.82,sales,synthetic,1
2026-06-27,POS SETT/491709/HDFC,,22018.62,461379.44,sales,synthetic,0
2026-06-27,NEFT/METRO WHOLESALE/815333,44293.00,,417086.44,suppliers,synthetic,0
2026-06-27,IMPS/SHREE DISTRIBUTORS/920952,18823.47,,398262.97,suppliers,synthetic,0
2026-06-27,UPI/FLIPKART,2579.37,,395683.60,personal,synthetic,0
2026-06-28,UPI/CR/827765264949/UPI,,10032.79,405716.39,sales,synthetic,0
2026-06-28,UPI MERCH SET/798935572,,12272.32,417988.71,sales,synthetic,0
2026-06-28,UPI/CR/481185380340/UPI,,9460.63,427449.34,sales,synthetic,0
2026-06-29,UPI/CR/237233862996/UPI,,18746.12,446195.46,sales,synthetic,0
2026-06-29,UPI MERCH SETT/941648643,,13608.09,459803.55,sales,synthetic,0
2026-06-30,UPI/CR/970988058515/UPI,,10157.53,469961.08,sales,synthetic,0
2026-06-30,POS SETT/868700/HDFC,,10981.99,480943.07,sales,synthetic,0
2026-06-30,IMPS/SHREE DISTRIBUTORS/750666,51600.67,,429342.40,suppliers,synthetic,0
2026-07-01,UPI MERCH SE,,12066.44,441408.84,sales,synthetic,0
2026-07-01,UPI/CR/919445917409/UPI,,11017.40,452426.24,sales,synthetic,0
2026-07-01,UPI REVERSAL/877663625,620.47,,451805.77,sales,synthetic,0
2026-07-02,POS SETT/766624/HDFC,,7827.87,459633.64,sales,synthetic,0
2026-07-02,UPI MERCH SETT/754038460,,8165.74,467799.38,sales,synthetic,0
2026-07-02,UPI MERCH SETT/492884713,,7592.34,475391.72,sales,synthetic,0
2026-07-02,NEFT/SHOP RENT/992098,42000.00,,433391.72,rent,synthetic,0
2026-07-02,NEFT/BALAJI FMCG/326382,39735.11,,393656.61,suppliers,synthetic,0
2026-07-03,UPI/708238757432,,14995.73,408652.34,sales,synthetic,1
2026-07-03,UPI/CR/1989,,14477.74,423130.08,sales,synthetic,0
2026-07-03,UPI REVERSAL/471531799,1203.18,,421926.90,sales,synthetic,0
2026-07-04,UPI MERCH SET/151847156,,10583.35,432510.25,sales,synthetic,0
2026-07-04,UPI/CR/920484468966/UPI,,10068.20,442578.45,sales,synthetic,0
2026-07-04,UPI MERCH SETT/685593354,,6723.21,449301.66,sales,synthetic,0
2026-07-04,NEFT/METRO WHOLESALE/703574,35018.87,,414282.79,suppliers,synthetic,0
2026-07-05,UPI MERCH SETT/957625529,,13393.04,427675.83,sales,synthetic,0
2026-07-05,UPI/CR/339008330737/UPI,,9647.61,437323.44,sales,synthetic,0
2026-07-05,UPI/SWIGGY/ORDER,2398.84,,434924.60,personal,synthetic,0
2026-07-06,UPI/CR/371251552208/UPI,,17924.85,452849.45,sales,synthetic,0
2026-07-06,UPI MERCH SETT/852275098,,10229.32,463078.77,sales,synthetic,0
2026-07-06,Chrg:SMS/AMB/Txn,139.32,,462939.45,charges,synthetic,0
2026-07-07,POS SETT/192445/HDFC,,13816.57,476756.02,sales,synthetic,0
2026-07-07,POS SETT/256500/HDFC,,12173.03,488929.05,sales,synthetic,0
2026-07-07,SALARY/RAJESH K/UPI,20334.00,,468595.05,salary,synthetic,0
2026-07-07,SALARY/MANOJ S/UPI,22326.00,,446269.05,salary,synthetic,0
2026-07-07,NEFT/NANDINI TRADERS/211386,32689.03,,413580.02,suppliers,synthetic,0
2026-07-08,POS SETT/748004/HDFC,,9480.01,423060.03,sales,synthetic,0
2026-07-08,UPI MERCH SETT/876450454,,10819.31,433879.34,sales,synthetic,0
2026-07-09,POS SETT/888287/HDFC,,7520.24,441399.58,sales,synthetic,0
2026-07-09,UPI/CR/557582843300/UPI,,12035.71,453435.29,sales,synthetic,0
2026-07-09,UPI/NANDINITRADERS/241143,30875.41,,422559.88,suppliers,synthetic,0
2026-07-10,UPI MERCH SETT/865026047,,7305.44,429865.32,sales,synthetic,0
2026-07-10,POS SETT/876949/HDFC,,5735.29,435600.61,sales,synthetic,0
2026-07-10,UPI/CR/524484978412/UPI,,7948.75,443549.36,sales,synthetic,0
2026-07-10,UPI REVERSAL/672763730,394.66,,443154.70,sales,synthetic,0
2026-07-11,POS SETT/857018/HDFC,,12391.15,455545.85,sales,synthetic,0
2026-07-11,UPI MERCH SETT/258149147,,13031.16,468577.01,sales,synthetic,0
2026-07-11,BESCOM ELECTRICITY,6547.03,,462029.98,utilities,synthetic,0
2026-07-11,NEFT/SHREE DISTRIBUTORS/378242,57274.26,,404755.72,suppliers,synthetic,0
2026-07-12,UPI/CR/144234484198/UPI,,17038.87,421794.59,sales,synthetic,0
2026-07-12,POS SETT/725797/HDFC,,17744.37,439538.96,sales,synthetic,0
2026-07-12,UPI/abc123@okhdfcbank,914.48,,438624.48,personal,synthetic,1
2026-07-13,UPI/CR/320059049936/UPI,,15945.83,454570.31,sales,synthetic,0
2026-07-13,UPI MERCH SETT/192142342,,13922.02,468492.33,sales,synthetic,0
2026-07-14,UPI MERCH SETT/104445138,,10370.67,478863.00,sales,synthetic,0
2026-07-14,POS SETT/373008/HDFC,,9416.68,488279.68,sales,synthetic,0
2026-07-14,UPI/CR/791517693823/UPI,,6455.77,494735.45,sales,synthetic,0
2026-07-14,ACT FIBERNET,1599.00,,493136.45,utilities,synthetic,0
2026-07-14,NEFT/BALAJI FMCG/323769,49820.82,,443315.63,suppliers,synthetic,0
2026-07-15,UPI MERCH SETT/924420000,,5360.04,448675.67,sales,synthetic,0
2026-07-15,POS SETT/287001/HDFC,,7977.42,456653.09,sales,synthetic,0
2026-07-15,POS SETT/272880/HDFC,,8577.31,465230.40,sales,synthetic,0
2026-07-15,LOAN EMI/SHOP LOAN,17939.38,,447291.02,emi,synthetic,0
2026-07-16,UPI/CR/800158571720/UPI,,7844.22,455135.24,sales,synthetic,0
2026-07-16,UPI/CR/721899766744/UPI,,7699.21,462834.45,sales,synthetic,0
2026-07-16,UPI/CR/739820211553/UPI,,10296.53,473130.98,sales,synthetic,0
2026-07-16,NEFT/BALAJI FMCG/230097,59076.85,,414054.13,suppliers,synthetic,0
2026-07-17,POS SETT/768032/HDFC,,9114.21,423168.34,sales,synthetic,0
2026-07-17,POS SETT/474944/HDFC,,6646.53,429814.87,sales,synthetic,0
2026-07-17,UPI MERCH SETT/518998592,,8346.95,438161.82,sales,synthetic,0
2026-07-17,ATM CASH WDL,12514.71,,425647.11,other,synthetic,0
2026-07-18,POS SETT/243955/HDFC,,9444.55,435091.66,sales,synthetic,0
2026-07-18,UPI MERCH SETT/992225374,,11596.18,446687.84,sales,synthetic,0
2026-07-18,UPI MERCH SETT/180409199,,11170.07,457857.91,sales,synthetic,0
2026-07-18,IMPS/BALAJIFMCG/572867,39388.94,,418468.97,suppliers,synthetic,0
2026-07-19,UPI/CR/678790554200/UPI,,18381.21,436850.18,sales,synthetic,0
2026-07-19,UPI/CR/637877325771/UPI,,14210.65,451060.83,sales,synthetic,0
2026-07-19,UPI/FLIPKART,1915.57,,449145.26,personal,synthetic,0
2026-07-20,UPI/CR/865374742337/UPI,,11815.02,460960.28,sales,synthetic,0
2026-07-20,UPI MERCH SETT/606812146,,15439.16,476399.44,sales,synthetic,0
2026-07-20,GST PAYMENT/15997077,29708.89,,446690.55,tax,synthetic,0
2026-07-21,UPI MERCH SETT/650018563,,13742.17,460432.72,sales,synthetic,0
2026-07-21,UPI MERCH SETT/158374016,,11136.40,471569.12,sales,synthetic,0
2026-07-21,IMPS/BALAJI FMCG/598480,33805.13,,437763.99,suppliers,synthetic,0
2026-07-22,UPI/RAJESHK@OKHDFCBANK/617441/Payment from,,598.25,438362.24,other_income,synthetic,0
2026-07-22,UPI MERCH SETT/406011379,,13043.00,451405.24,sales,synthetic,0
2026-07-22,UPI/CR/546106679857/UPI,,16429.67,467834.91,sales,synthetic,0
2026-07-22,UPI/RAJESHK@OKHDFCBANK/501631/UPI,1184.26,,466650.65,personal,synthetic,0
2026-07-23,UPI MERCH SETT/629319865,,12360.81,479011.46,sales,synthetic,0
2026-07-23,UPI MERCH SETT/734416526,,14558.35,493569.81,sales,synthetic,0
2026-07-23,UPI/SHREE DISTRIBUTORS/996586,45734.07,,447835.74,suppliers,synthetic,0
2026-07-24,UPI/CR/299448872300/UPI,,11393.72,459229.46,sales,synthetic,0
2026-07-24,UPI MERCH SETT/302205232,,8282.26,467511.72,sales,synthetic,0
2026-07-25,POS SETT/609033/HDFC,,6577.74,474089.46,sales,synthetic,0
2026-07-25,UPI MERCH SETT/190660904,,8414.34,482503.80,sales,synthetic,0
2026-07-25,UPI MERCH SETT/528305914,,11055.79,493559.59,sales,synthetic,0
2026-07-25,IMPS/NANDINI TRADERS/677950,16705.04,,476854.55,suppliers,synthetic,0
2026-07-25,NEFT/LIFECARE P,46114.67,,430739.88,suppliers,synthetic,0
2026-07-26,UPI/CR/679862916433/UPI,,14482.30,445222.18,sales,synthetic,0
2026-07-26,POS SETT/377889/HDFC,,15113.39,460335.57,sales,synthetic,0
2026-07-26,Chrg:SMS/AMB/Txn,86.18,,460249.39,charges,synthetic,0
2026-07-27,UPI MERCH SETT/349146841,,11886.82,472136.21,sales,synthetic,0
2026-07-27,UPI/CR/677214305738/UPI,,13838.20,485974.41,sales,synthetic,0
2026-07-27,POS/AMAZON,616.71,,485357.70,personal,synthetic,0
2026-07-28,POS SETT/217630/HDFC,,11328.75,496686.45,sales,synthetic,0
2026-07-28,UPI MERCH SETT/332005616,,11145.84,507832.29,sales,synthetic,0
2026-07-28,IMPS/METRO WHOLESALE/640829,30464.61,,477367.68,suppliers,synthetic,0
2026-07-29,UPI/CR/144515798523/UPI,,11627.15,488994.83,sales,synthetic,0
2026-07-29,POS SETT/473042/HDFC,,13751.96,502746.79,sales,synthetic,0
2026-07-30,POS SETT/116789/HDFC,,7993.22,510740.01,sales,synthetic,0
2026-07-30,UPI/pay@okaxis,,6446.22,517186.23,sales,synthetic,1
2026-07-30,UPI/CR/603973246515/UPI,,5781.75,522967.98,sales,synthetic,0
2026-07-30,IMPS/METRO WHOLESALE/474205,47421.34,,475546.64,suppliers,synthetic,0
2026-07-31,UPI MERCH SETT/199612523,,11162.48,486709.12,sales,synthetic,0
2026-07-31,UPI MERCH SETT/272866035,,14491.59,501200.71,sales,synthetic,0
2026-08-01,UPI MERCH SETT/735515148,,15817.80,517018.51,sales,synthetic,0
2026-08-01,UPI MERCH SETT/927049797,,9387.71,526406.22,sales,synthetic,0
2026-08-01,UPI MERCH SETT/623168110,,9214.83,535621.05,sales,synthetic,0
2026-08-01,NEFT/SHREE DISTRIBUTORS/237803,19675.29,,515945.76,suppliers,synthetic,0
2026-08-01,NEFT/NANDINI TRADERS/351874,16327.65,,499618.11,suppliers,synthetic,0
2026-08-02,UPI MERCH SETT/185919654,,7862.35,507480.46,sales,synthetic,0
2026-08-02,UPI/CR/545585312288/UPI,,10503.93,517984.39,sales,synthetic,0
2026-08-02,UPI MERCH SETT/452504331,,9658.46,527642.85,sales,synthetic,0
2026-08-02,NEFT/SHOP RENT/692136,36000.00,,491642.85,rent,synthetic,0
2026-08-03,UPI/CR/257389225825/UPI,,10437.80,502080.65,sales,synthetic,0
2026-08-03,UPI/CR/954733159736/UPI,,7453.60,509534.25,sales,synthetic,0
2026-08-04,POS SETT/761471/HDFC,,9300.48,518834.73,sales,synthetic,0
2026-08-04,UPI/CR/750491749397/UPI,,8649.69,527484.42,sales,synthetic,0
2026-08-04,UPI MERCH SETT/850628081,,6938.94,534423.36,sales,synthetic,0
2026-08-04,NEFT/BALAJI FMCG/183679,51952.95,,482470.41,suppliers,synthetic,0
2026-08-05,POS SETT/925094/HDFC,,8196.67,490667.08,sales,synthetic,0
2026-08-05,POS SETT/862614/HDFC,,10462.25,501129.33,sales,synthetic,0
2026-08-05,POS SETT/224039/HDFC,,7613.22,508742.55,sales,synthetic,0
2026-08-05,POS/AMAZON,663.95,,508078.60,personal,synthetic,0
2026-08-06,UPI MERCH SET/177777868,,10898.39,518976.99,sales,synthetic,0
2026-08-06,UPI/CR/262980090540/UPI,,15365.83,534342.82,sales,synthetic,0
2026-08-06,NEFT/BALAJI FMCG/753716,22748.71,,511594.11,suppliers,synthetic,0
2026-08-06,Chrg:SMS/AMB/Txn,182.79,,511411.32,charges,synthetic,0
2026-08-06,UPI REVERSAL/752768931,532.15,,510879.17,sales,synthetic,0
2026-08-07,UPI/CR/164571592905/UPI,,13688.28,524567.45,sales,synthetic,0
2026-08-07,UPI/CR/884803931053/UPI,,12913.60,537481.05,sales,synthetic,0
2026-08-07,SALARY/RAJESH K/UPI,22613.00,,514868.05,salary,synthetic,0
2026-08-07,SALARY/MANOJ S/UPI,19248.00,,495620.05,salary,synthetic,0
2026-08-08,POS SETT/894092/HDFC,,11684.25,507304.30,sales,synthetic,0
2026-08-08,POS SETT/823650/HDFC,,10244.81,517549.11,sales,synthetic,0
2026-08-08,UPI/BALAJI FMCG/716539,21394.32,,496154.79,suppliers,synthetic,0
2026-08-08,NEFT/METROWHOLESALE/357000,27224.14,,468930.65,suppliers,synthetic,0
2026-08-09,UPI MERCH SETT/832920471,,13121.20,482051.85,sales,synthetic,0
2026-08-09,POS SETT/312871/HDFC,,13034.03,495085.88,sales,synthetic,0
2026-08-10,POS SETT/502801/HDFC,,15292.88,510378.76,sales,synthetic,0
2026-08-10,UPI/CR/891065939100/UPI,,13168.48,523547.24,sales,synthetic,0
2026-08-11,POS SETT/740333/HDFC,,12861.23,536408.47,sales,synthetic,0
2026-08-11,UPI/abc123@okhdfcbank,,14189.05,550597.52,sales,synthetic,1
2026-08-11,BESCOM ELECTRICITY,6616.85,,543980.67,utilities,synthetic,0
2026-08-11,NEFT/SHREE DISTRIBUTORS/329036,21958.97,,522021.70,suppliers,synthetic,0
2026-08-12,UPI MERCH SET/981836553,,8136.85,530158.55,sales,synthetic,0
2026-08-12,POS SETT/437932/HDFC,,12286.08,542444.63,sales,synthetic,0
2026-08-12,POS/AMAZON,3219.93,,539224.70,personal,synthetic,0
2026-08-13,UPI REFUND/738290,,2035.22,541259.92,other_income,synthetic,0
2026-08-13,UPI/pay@okaxis,,10304.06,551563.98,sales,synthetic,1
2026-08-13,UPI MERCH SETT/651422405,,8667.26,560231.24,sales,synthetic,0
2026-08-13,UPI MERCH SE,,10468.89,570700.13,sales,synthetic,0
2026-08-13,NEFT/NANDINI TRADERS/540950,19995.87,,550704.26,suppliers,synthetic,0
2026-08-14,POS SETT/662827/HDFC,,13758.07,564462.33,sales,synthetic,0
2026-08-14,UPI/CR/668438624933/UPI,,13208.59,577670.92,sales,synthetic,0
2026-08-14,ACT FIBERNET,1199.00,,576471.92,utilities,synthetic,0
2026-08-14,UPI REVERSAL/177322878,1113.35,,575358.57,sales,synthetic,0
2026-08-15,UPI MERCH SETT/115127818,,8672.65,584031.22,sales,synthetic,0
2026-08-15,POS SETT/471631/HDFC,,11661.70,595692.92,sales,synthetic,0
2026-08-15,LOAN EMI/SHOP LOAN,18880.02,,576812.90,emi,synthetic,0
2026-08-15,UPI/METRO WHOLESALE/212206,48003.74,,528809.16,suppliers,synthetic,0
2026-08-16,UPI/CR/7798,,15757.36,544566.52,sales,synthetic,0
2026-08-16,UPI MERCH SETT/419549607,,16840.79,561407.31,sales,synthetic,0
2026-08-17,POS SETT/803902/HDFC,,8061.36,569468.67,sales,synthetic,0
2026-08-17,POS SETT/391314/HDFC,,11266.08,580734.75,sales,synthetic,0
2026-08-17,ATMCASHWDL,12264.00,,568470.75,other,synthetic,0
2026-08-17,UPI REVERSAL/652055794,1341.83,,567128.92,sales,synthetic,0
2026-08-18,UPI/CR/104362897857/UPI,,15902.83,583031.75,sales,synthetic,0
2026-08-18,UPI MERCH SETT/127734973,,12023.82,595055.57,sales,synthetic,0
2026-08-18,UPI/SHREE DISTRIBUTORS/620821,54695.00,,540360.57,suppliers,synthetic,0
2026-08-19,UPI/CR/233074840312/UPI,,6249.73,546610.30,sales,synthetic,0
2026-08-19,UPI/517685591573,,9048.71,555659.01,sales,synthetic,1
2026-08-19,POS SETT/4,,10351.35,566010.36,sales,synthetic,0
2026-08-19,UPI/ZOMATO/ORDER,3277.08,,562733.28,personal,synthetic,0
2026-08-20,UPI MERCH SETT/455524357,,11431.00,574164.28,sales,synthetic,0
2026-08-20,UPI/CR/925640595127/UPI,,15184.42,589348.70,sales,synthetic,0
2026-08-20,GST PAYMENT/11730075,27463.68,,561885.02,tax,synthetic,0
2026-08-20,IMPS/BALAJI FMCG/776481,35278.32,,526606.70,suppliers,synthetic,0
2026-08-21,UPI/CR/915908270935/UPI,,9808.36,536415.06,sales,synthetic,0
2026-08-21,POS SETT/4,,10228.37,546643.43,sales,synthetic,0
2026-08-22,UPI/RAJESHK@OKHDFCBANK/675696/Payment from,,1088.16,547731.59,other_income,synthetic,0
2026-08-22,UPI/CR/665051454474/UPI,,5839.80,553571.39,sales,synthetic,0
2026-08-22,POS SETT/702168/HDFC,,7632.30,561203.69,sales,synthetic,0
2026-08-22,UPI/CR/173803694864/UPI,,7792.60,568996.29,sales,synthetic,0
2026-08-22,NEFT/BALAJI FMCG/121658,51205.10,,517791.19,suppliers,synthetic,0
2026-08-22,IMPS/BALAJI FMCG/630268,17963.69,,499827.50,suppliers,synthetic,0
2026-08-22,UPI/RAJESHK@OKHDFCBANK/811984/UPI,1169.74,,498657.76,personal,synthetic,0
2026-08-23,UPI MERCH SETT/219421350,,15565.15,514222.91,sales,synthetic,0
2026-08-23,UPI MERCH SETT/955179082,,15480.81,529703.72,sales,synthetic,0
2026-08-24,POS SETT/438605/HDFC,,10228.52,539932.24,sales,synthetic,0
2026-08-24,POS SETT/997373/HDFC,,8474.57,548406.81,sales,synthetic,0
2026-08-24,UPI/CR/823900536871/UPI,,8745.54,557152.35,sales,synthetic,0
2026-08-25,POS SETT/915132/HDFC,,10994.86,568147.21,sales,synthetic,0
2026-08-25,UPI/CR/824947955449/UPI,,8932.35,577079.56,sales,synthetic,0
2026-08-25,UPI/METRO WHOLESALE/911121,39795.72,,537283.84,suppliers,synthetic,0
2026-08-26,UPI/CR/979812106460/UPI,,11964.19,549248.03,sales,synthetic,0
2026-08-26,UPI/abc123@okhdfcbank,,12306.66,561554.69,sales,synthetic,1
2026-08-26,Chrg:SMS/AMB/Txn,243.94,,561310.75,charges,synthetic,0
2026-08-27,UPI/pay@okaxis,,13092.84,574403.59,sales,synthetic,1
2026-08-27,POS SETT/154474/HDFC,,11650.12,586053.71,sales,synthetic,0
2026-08-27,UPI/BALAJI FMCG/456665,36709.52,,549344.19,suppliers,synthetic,0
2026-08-27,POS/AMAZON,2604.38,,546739.81,personal,synthetic,0
2026-08-28,POS SETT/417968/HDFC,,9408.08,556147.89,sales,synthetic,0
2026-08-28,POS SETT/487305/HDFC,,7503.92,563651.81,sales,synthetic,0
2026-08-29,UPI MERCH SETT/335164532,,9031.58,572683.39,sales,synthetic,0
2026-08-29,POS SETT/801523/HDFC,,9297.83,581981.22,sales,synthetic,0
2026-08-29,POS SETT/928103/HDFC,,7402.88,589384.10,sales,synthetic,0
2026-08-29,UPI/675786740296,49618.91,,539765.19,suppliers,synthetic,1
2026-08-30,POS SETT/248326/HDFC,,7159.58,546924.77,sales,synthetic,0
2026-08-30,UPI MERCH SETT/884915160,,6009.06,552933.83,sales,synthetic,0
2026-08-30,UPI MERCH SETT/608462492,,6964.38,559898.21,sales,synthetic,0
2026-08-31,POS SETT/562737/HDFC,,7830.01,567728.22,sales,synthetic,0
2026-08-31,POS SETT/761657/HDFC,,11118.50,578846.72,sales,synthetic,0
2026-08-31,POS SETT/269758/HDFC,,8028.11,586874.83,sales,synthetic,0
2026-09-01,UPI MERCH SETT/983376159,,7425.35,594300.18,sales,synthetic,0
2026-09-01,POS SETT/119180/HDFC,,11233.45,605533.63,sales,synthetic,0
2026-09-01,POS SETT/816736/HDFC,,10108.88,615642.51,sales,synthetic,0
2026-09-01,UPI/METRO WHOLESALE/492677,24742.11,,590900.40,suppliers,synthetic,0
2026-09-02,POS SETT/517410/HDFC,,11706.16,602606.56,sales,synthetic,0
2026-09-02,UPI/CR/267827110884/UPI,,11861.49,614468.05,sales,synthetic,0
2026-09-02,NEFT/SHOP RENT/430917,36000.00,,578468.05,rent,synthetic,0
2026-09-03,POS SETT/249520/HDFC,,14164.44,592632.49,sales,synthetic,0
2026-09-03,POS SETT/788751/HDFC,,16285.91,608918.40,sales,synthetic,0
2026-09-03,UPI/SHREE DISTRIBUTORS/974707,22062.28,,586856.12,suppliers,synthetic,0
2026-09-04,UPI/CR/982997016917/UPI,,12017.67,598873.79,sales,synthetic,0
2026-09-04,UPI/shop@upi,,15040.54,613914.33,sales,synthetic,1
2026-09-05,POS SETT/369310/HDFC,,10776.01,624690.34,sales,synthetic,0
2026-09-05,POS SETT/659957/HDFC,,11662.46,636352.80,sales,synthetic,0
2026-09-05,UPI/CR/311448889559/UPI,,10302.22,646655.02,sales,synthetic,0
2026-09-05,NEFT/METRO WHOLESALE/711252,55157.52,,591497.50,suppliers,synthetic,0
2026-09-05,IMPS/BALAJI FMCG/764143,24702.98,,566794.52,suppliers,synthetic,0
2026-09-05,UPI/SWIGGY/ORDER,2305.35,,564489.17,personal,synthetic,0
2026-09-06,UPI MERCH SETT/469837597,,15866.05,580355.22,sales,synthetic,0
2026-09-06,POS SETT/684235/HDFC,,15013.31,595368.53,sales,synthetic,0
2026-09-06,Chrg:SMS/AMB/Txn,245.87,,595122.66,charges,synthetic,0
2026-09-07,UPI MERCH SETT/765193575,,14973.71,610096.37,sales,synthetic,0
2026-09-07,POS SETT/186720/HDFC,,15625.75,625722.12,sales,synthetic,0
2026-09-07,SALARY/RAJESH K/UPI,19584.00,,606138.12,salary,synthetic,0
2026-09-07,SALARY/MANOJ S/UPI,20943.00,,585195.12,salary,synthetic,0
2026-09-08,UPI/CR/452630159668/UPI,,6514.34,591709.46,sales,synthetic,0
2026-09-08,UPI/CR/516627784310/UPI,,6920.08,598629.54,sales,synthetic,0
2026-09-08,UPI MERCH SET/675398922,,7471.29,606100.83,sales,synthetic,0
2026-09-08,NEFT/SHREE DISTRIBUTORS/781368,42436.11,,563664.72,suppliers,synthetic,0
2026-09-09,POS SETT/889646/HDFC,,15634.92,579299.64,sales,synthetic,0
2026-09-09,UPI/CR/139864600187/UPI,,12682.20,591981.84,sales,synthetic,0
2026-09-10,UPI MERCH SETT/611502020,,9810.47,601792.31,sales,synthetic,0
2026-09-10,UPI/CR/466688102756/UPI,,11596.41,613388.72,sales,synthetic,0
2026-09-10,UPI/METRO WHOLESALE/652985,30424.75,,582963.97,suppliers,synthetic,0
2026-09-11,UPI/CR/378359370295/UPI,,11288.61,594252.58,sales,synthetic,0
2026-09-11,UPI MERCH SETT/685790962,,10835.22,605087.80,sales,synthetic,0
2026-09-11,BESCOM ELECTRICITY,9359.08,,595728.72,utilities,synthetic,0
2026-09-12,UPI/CR/710784813096/UPI,,9630.14,605358.86,sales,synthetic,0
2026-09-12,UPI MERCH SETT/798644934,,8207.24,613566.10,sales,synthetic,0
2026-09-12,POS SETT/822712/HDFC,,10153.93,623720.03,sales,synthetic,0
2026-09-12,NEFT/METRO WH,53238.61,,570481.42,suppliers,synthetic,0
2026-09-12,UPI/pay@okaxis,33467.77,,537013.65,suppliers,synthetic,1
2026-09-12,POS/AMAZON,2776.86,,534236.79,personal,synthetic,0
2026-09-13,POS SETT/186509/HDFC,,14369.55,548606.34,sales,synthetic,0
2026-09-13,UPI MERCH SETT/855699161,,7886.61,556492.95,sales,synthetic,0
2026-09-13,UPI/CR/728019968316/UPI,,11977.87,568470.82,sales,synthetic,0
2026-09-14,UPI/CR/243852749458/UPI,,16642.56,585113.38,sales,synthetic,0
2026-09-14,UPI/CR/352490320349/UPI,,13667.29,598780.67,sales,synthetic,0
2026-09-14,ACT FIBERNET,1199.00,,597581.67,utilities,synthetic,0
2026-09-15,UPI MERCH SETT/893749181,,13514.44,611096.11,sales,synthetic,0
2026-09-15,UPI/533987456694,,15452.89,626549.00,sales,synthetic,1
2026-09-15,LOAN EMI/SHOP LOAN,19709.40,,606839.60,emi,synthetic,0
2026-09-15,UPI/METRO WHOLESALE/311540,18022.58,,588817.02,suppliers,synthetic,0
2026-09-16,POS SETT/448103/HDFC,,13849.20,602666.22,sales,synthetic,0
2026-09-16,POS SETT/452214/HDFC,,14185.33,616851.55,sales,synthetic,0
2026-09-16,UPI REVERSAL/660674633,443.63,,616407.92,sales,synthetic,0
2026-09-17,POS SETT/365156/HDFC,,11870.25,628278.17,sales,synthetic,0
2026-09-17,UPI/CR/307518485823/UPI,,16582.83,644861.00,sales,synthetic,0
2026-09-17,IMPS/METRO WHOLESALE/816920,37516.56,,607344.44,suppliers,synthetic,0
2026-09-17,ATM CASH WDL,8530.01,,598814.43,other,synthetic,0
2026-09-18,POS SETT/555760/HDFC,,11542.00,610356.43,sales,synthetic,0
2026-09-18,UPI MERCH SETT/395849092,,18989.65,629346.08,sales,synthetic,0
2026-09-19,UPI MERCH SETT/446358308,,12027.60,641373.68,sales,synthetic,0
2026-09-19,POS SETT/874198/HDFC,,11712.08,653085.76,sales,synthetic,0
2026-09-19,NEFT/NANDINI TRADERS/627905,41060.22,,612025.54,suppliers,synthetic,0
2026-09-19,NEFT/BALAJI FMCG/750745,50788.89,,561236.65,suppliers,synthetic,0
2026-09-19,UPI/ZOMATO/ORDER,2963.70,,558272.95,personal,synthetic,0
2026-09-20,POS SETT/315757/HDFC,,9610.32,567883.27,sales,synthetic,0
2026-09-20,UPI MERCH SETT/798130213,,12991.34,580874.61,sales,synthetic,0
2026-09-20,GST PAYMENT/41541419,32650.94,,548223.67,tax,synthetic,0
2026-09-21,POS SETT/651549/HDFC,,10551.58,558775.25,sales,synthetic,0
2026-09-21,UPI MERCH SETT/987908467,,7086.11,565861.36,sales,synthetic,0
2026-09-21,UPI MERCH SETT/421939085,,11948.25,577809.61,sales,synthetic,0
2026-09-21,UPI REVERSAL/264168094,935.27,,576874.34,sales,synthetic,0
2026-09-22,UPI/RAJESHK@OKHDFCBANK/444325/Payment from,,828.26,577702.60,other_income,synthetic,0
2026-09-22,UPI/CR/657014048924/UPI,,15139.77,592842.37,sales,synthetic,0
2026-09-22,UPI/CR/761558292422/UPI,,11810.65,604653.02,sales,synthetic,0
2026-09-22,IMPS/SHREE DISTRIBUTORS/858109,42261.88,,562391.14,suppliers,synthetic,0
2026-09-22,UPI/RAJESHK@OKHDFCBANK/439791/UPI,1285.73,,561105.41,personal,synthetic,0
2026-09-22,UPI REVERSAL/455929248,991.47,,560113.94,sales,synthetic,0
2026-09-23,UPI MERCH SETT/604644375,,11398.50,571512.44,sales,synthetic,0
2026-09-23,UPIMERCHSETT/719156504,,12456.80,583969.24,sales,synthetic,0
2026-09-24,POS SETT/157488/HDFC,,13532.60,597501.84,sales,synthetic,0
2026-09-24,UPI/CR/836780063979/UPI,,12147.38,609649.22,sales,synthetic,0
2026-09-24,UPI/METRO WHOLESALE/205797,29337.47,,580311.75,suppliers,synthetic,0
2026-09-25,UPI/CR/865998390301/UPI,,11691.25,592003.00,sales,synthetic,0
2026-09-25,POS SETT/629357/HDFC,,17525.68,609528.68,sales,synthetic,0
2026-09-25,ADVANCE TAX,32848.86,,576679.82,tax,synthetic,0
2026-09-26,UPI MERCH SETT/308439734,,17141.99,593821.81,sales,synthetic,0
2026-09-26,UPI MERCH SETT/741728838,,17157.80,610979.61,sales,synthetic,0
2026-09-26,UPI/SHREE DISTRIBUTORS/945266,36151.22,,574828.39,suppliers,synthetic,0
2026-09-26,Chrg:SMS/AMB/Txn,236.10,,574592.29,charges,synthetic,0
2026-09-27,UPI/CR/9276,,21261.03,595853.32,sales,synthetic,0
2026-09-27,POS SETT/817634/HDFC,,12060.93,607914.25,sales,synthetic,0
2026-09-27,UPI/ZOMATO/ORDER,3600.00,,604314.25,personal,synthetic,0
2026-09-28,POS SETT/733090/HDFC,,10443.03,614757.28,sales,synthetic,0
2026-09-28,POS SETT/855407/HDFC,,14066.70,628823.98,sales,synthetic,0
2026-09-29,POS SETT/190015/HDFC,,10629.93,639453.91,sales,synthetic,0
2026-09-29,UPI/CR/600959161122/UPI,,11612.49,651066.40,sales,synthetic,0
2026-09-29,NEFT/NANDINI TRADERS/504309,23531.45,,627534.95,suppliers,synthetic,0
2026-09-30,UPI MERCH SETT/758808038,,7859.90,635394.85,sales,synthetic,0
2026-09-30,UPI MERCH SETT/886831516,,7319.68,642714.53,sales,synthetic,0
2026-09-30,UPI/CR/124189122678/UPI,,10378.66,653093.19,sales,synthetic,0
