date,narration,withdrawal,deposit,balance,category,source
2026-04-01,UPI SETTLEMENT 890779946,,2798.41,187798.41,sales,synthetic
2026-04-01,UPI SETTLEMENT 734036506,,2697.83,190496.24,sales,synthetic
2026-04-02,UPI/ramesh@upi,,3681.96,194178.20,sales,synthetic
2026-04-02,UPI/CR/717889,,4213.65,198391.85,sales,synthetic
2026-04-02,NEFT RENT SHOP,28000.00,,170391.85,rent,synthetic
2026-04-03,UPI/CR/201414,,2101.60,172493.45,sales,synthetic
2026-04-03,UPI SETTLEMENT 469319644,,3375.98,175869.43,sales,synthetic
2026-04-03,UPI SETTLEMENT 883543540,,2389.49,178258.92,sales,synthetic
2026-04-04,UPI/CR/338968,,3142.36,181401.28,sales,synthetic
2026-04-04,UPI SETTLEMENT 185675980,,3570.43,184971.71,sales,synthetic
2026-04-04,UPI/CR/575435,,3069.89,188041.60,sales,synthetic
2026-04-04,POSSETTLEMENT488162,,3293.83,191335.43,sales,synthetic
2026-04-05,POSSETTLEMENT383060,,3225.04,194560.47,sales,synthetic
2026-04-05,UPI SETTLEMENT 835098955,,4570.18,199130.65,sales,synthetic
2026-04-05,UPI/CR/133659,,3206.39,202337.04,sales,synthetic
2026-04-05,CASH DEP,,14215.14,216552.18,sales,synthetic
2026-04-06,POS SETTLEMENT 377746,,1699.59,218251.77,sales,synthetic
2026-04-06,UPI/CR/665158,,2092.84,220344.61,sales,synthetic
2026-04-06,UPI MERCHANT SETT,,1846.12,222190.73,sales,synthetic
2026-04-07,POS SETTLEMENT 260265,,3732.45,225923.18,sales,synthetic
2026-04-07,UPI SETTLEMENT 950488739,,3602.47,229525.65,sales,synthetic
2026-04-07,SALARY RAJESH,18500.00,,211025.65,salary,synthetic
2026-04-07,SALARY MANOJ,17000.00,,194025.65,salary,synthetic
2026-04-08,UPI/CR/814825,,3044.62,197070.27,sales,synthetic
2026-04-08,UPI SETTLEMENT 925276600,,2887.53,199957.80,sales,synthetic
2026-04-08,UPI MERCHANT SETT,,1677.94,201635.74,sales,synthetic
2026-04-09,POS SETTLEMENT 412942,,3936.41,205572.15,sales,synthetic
2026-04-09,POS SETTLEMENT 492077,,3417.42,208989.57,sales,synthetic
2026-04-09,UPI SETTLEMENT 679153816,,2598.40,211587.97,sales,synthetic
2026-04-09,CARD PURCHASE AMAZON,1180.35,,210407.62,personal,synthetic
2026-04-10,REVERSAL UPI SETTLEMENT 885,,2367.63,212775.25,sales,synthetic
2026-04-10,POS SETTLEMENT 658582,,2916.81,215692.06,sales,synthetic
2026-04-10,POS SETTLEMENT 791798,,2094.93,217786.99,sales,synthetic
2026-04-11,UPI/CR/781446,,3759.69,221546.68,sales,synthetic
2026-04-11,UPI SETTLEMENT 570406376,,3448.15,224994.83,sales,synthetic
2026-04-11,UPI/CR/167136,,3330.82,228325.65,sales,synthetic
2026-04-11,VPA shop123@oksbi,,3372.23,231697.88,sales,synthetic
2026-04-11,BESCOM ELECTRICITY,4317.98,,227379.90,utilities,synthetic
2026-04-12,UPI MERCHANT SETT,,3415.04,230794.94,sales,synthetic
2026-04-12,UPI MERCHANT SETT,,3339.59,234134.53,sales,synthetic
2026-04-12,UPI MERCHANT SETT,,2039.59,236174.12,sales,synthetic
2026-04-12,CASH DEP,,11475.33,247649.45,sales,synthetic
2026-04-13,UPI MERCHANT SETT,,1957.10,249606.55,sales,synthetic
2026-04-13,UPI SETTLEMENT 881913386,,2271.03,251877.58,sales,synthetic
2026-04-13,UPI MERCHANT SETT,,2204.29,254081.87,sales,synthetic
2026-04-13,REFUND UPI REFUND,,901.84,254983.71,other_income,synthetic
2026-04-14,UPI SETTLEMENT 690907304,,2289.16,257272.87,sales,synthetic
2026-04-14,POSSETTLEMENT890170,,1763.26,259036.13,sales,synthetic
2026-04-14,UPI MERCHANT SETT,,2221.35,261257.48,sales,synthetic
2026-04-14,ACT FIBERNET,1199.00,,260058.48,utilities,synthetic
2026-04-15,UPI/CR/577110,,2607.74,262666.22,sales,synthetic
2026-04-15,UPI MERCHANT SETT,,3473.99,266140.21,sales,synthetic
2026-04-16,UPI MERCHANT SETT,,1864.38,268004.59,sales,synthetic
2026-04-16,POS SETTLEMENT 994141,,2895.00,270899.59,sales,synthetic
2026-04-16,POS SETTLEMENT 632496,,1868.15,272767.74,sales,synthetic
2026-04-17,UPI SETTLEMENT 711684318,,4947.36,277715.10,sales,synthetic
2026-04-17,UPI/CR,,4540.39,282255.49,sales,synthetic
2026-04-18,UPI MERCHANT SETT,,2318.82,284574.31,sales,synthetic
2026-04-18,UPI SETTLEMENT 766964667,,2728.29,287302.60,sales,synthetic
2026-04-18,UPI/CR/630458,,2176.66,289479.26,sales,synthetic
2026-04-18,POS SETTLEMENT 465962,,2200.68,291679.94,sales,synthetic
2026-04-18,CARD PURCHASE AMAZON,3634.73,,288045.21,personal,synthetic
2026-04-19,UPI SETTLEMENT 244193987,,3835.74,291880.95,sales,synthetic
2026-04-19,UPI/CR/262998,,4676.21,296557.16,sales,synthetic
2026-04-19,UPI/CR/320861,,2830.68,299387.84,sales,synthetic
2026-04-19,CDM CA,,11646.77,311034.61,sales,synthetic
2026-04-19,IMPS/NANDINI DISTRIBUTORS,16722.04,,294312.57,suppliers,synthetic
2026-04-20,UPI/CR/237174,,4497.33,298809.90,sales,synthetic
2026-04-20,UPI MERCHANT SETT,,2728.01,301537.91,sales,synthetic
2026-04-20,IMPS/METRO CASH CARRY,9816.77,,291721.14,suppliers,synthetic
2026-04-20,GST TAX PAYMENT,12500.00,,279221.14,tax,synthetic
2026-04-21,UPI SETTLEMENT 259014493,,3992.60,283213.74,sales,synthetic
2026-04-21,UPI SETTLEMENT 430989881,,3489.68,286703.42,sales,synthetic
2026-04-22,POS SETTLEMENT 750810,,3834.00,290537.42,sales,synthetic
2026-04-22,POS SETTLEMENT 270395,,4354.00,294891.42,sales,synthetic
2026-04-23,POS SETTLEMENT 802448,,3715.46,298606.88,sales,synthetic
2026-04-23,UPI SETTLEMENT 386480450,,5199.39,303806.27,sales,synthetic
2026-04-24,UPI SETTLEMENT 953995721,,2847.62,306653.89,sales,synthetic
2026-04-24,REVERSAL UPI/CR/517821,,2336.06,308989.95,sales,synthetic
2026-04-24,UPI/CR/910891,,2113.34,311103.29,sales,synthetic
2026-04-25,UPI/CR/708792,,3620.63,314723.92,sales,synthetic
2026-04-25,UPI MERCHANT SETT,,2697.59,317421.51,sales,synthetic
2026-04-25,UPI/CR/924629,,2150.89,319572.40,sales,synthetic
2026-04-25,UPI SETTLEMENT 568574364,,3680.74,323253.14,sales,synthetic
2026-04-26,POS SETTLEMENT 820221,,3265.90,326519.04,sales,synthetic
2026-04-26,UPI/CR/173372,,2034.57,328553.61,sales,synthetic
2026-04-26,UPI SETTLEMENT 769108025,,3643.42,332197.03,sales,synthetic
2026-04-26,CDM CASH DEP,,18356.81,350553.84,sales,synthetic
2026-04-27,POSSETTLEMENT497562,,2287.07,352840.91,sales,synthetic
2026-04-27,UPI MERCHANT SETT,,2111.86,354952.77,sales,synthetic
2026-04-27,UPI/CR/100425,,1666.96,356619.73,sales,synthetic
2026-04-27,CARD PURCHASE AMAZON,2771.95,,353847.78,personal,synthetic
2026-04-28,UPI SETTLEMENT 954725078,,2372.61,356220.39,sales,synthetic
2026-04-28,UPI/CR/796101,,2160.82,358381.21,sales,synthetic
2026-04-28,POS SETTLEMENT 958179,,2524.72,360905.93,sales,synthetic
2026-04-28,BANK CHARGES,109.63,,360796.30,charges,synthetic
2026-04-29,UPI MERCHANT SETT,,3057.48,363853.78,sales,synthetic
2026-04-29,UPI MERCHANT SETT,,2527.67,366381.45,sales,synthetic
2026-04-30,UPI MERCHANT SETT,,2993.68,369375.13,sales,synthetic
2026-04-30,UPI MERCHANT SETT,,3324.70,372699.83,sales,synthetic
2026-05-01,UPI/CR/656932,,5526.32,378226.15,sales,synthetic
2026-05-01,UPI MERCHANT SETT,,5577.73,383803.88,sales,synthetic
2026-05-02,UPI MERCHANT SETT,,4786.97,388590.85,sales,synthetic
2026-05-02,UPI MERCHANT SETT,,4158.51,392749.36,sales,synthetic
2026-05-02,POS SETTLEMENT 848206,,4123.66,396873.02,sales,synthetic
2026-05-02,UPI/ramesh@upi,28000.00,,368873.02,rent,synthetic
2026-05-03,UPI MERCHANT SETT,,3024.52,371897.54,sales,synthetic
2026-05-03,UPI MERCHANT SETT,,3194.88,375092.42,sales,synthetic
2026-05-03,UPI MERCHANT SETT,,3757.96,378850.38,sales,synthetic
2026-05-03,UPI SETTLEMENT 518197538,,3199.67,382050.05,sales,synthetic
2026-05-03,CASH DEP KORAMANGALA,,20137.52,402187.57,sales,synthetic
2026-05-03,IMPS/NANDINI DISTRIBUTORS,8531.27,,393656.30,suppliers,synthetic
2026-05-04,UPI MERCHANT SETT,,2291.51,395947.81,sales,synthetic
2026-05-04,UPI/CR/507746,,2370.13,398317.94,sales,synthetic
2026-05-04,UPI MERCHANT SETT,,2488.18,400806.12,sales,synthetic
2026-05-05,UPI SETTLEMENT 735540030,,3403.45,404209.57,sales,synthetic
2026-05-05,POS SETTLEMENT 773971,,2695.63,406905.20,sales,synthetic
2026-05-05,UPI/CR/152727,,3286.49,410191.69,sales,synthetic
2026-05-05,REFUND BANK CHARGES,163.91,,410027.78,charges,synthetic
2026-05-06,UPI SETTLEMENT 604988121,,2534.84,412562.62,sales,synthetic
2026-05-06,VPA xxxx@okhdfcbank,,1900.93,414463.55,sales,synthetic
2026-05-06,UPI SETTLEMENT 938842599,,2395.65,416859.20,sales,synthetic
2026-05-07,UPI/grocerypay@okaxis,,4040.69,420899.89,sales,synthetic
2026-05-07,UPI/CR/904150,,4716.48,425616.37,sales,synthetic
2026-05-07,SALARY RAJESH,18500.00,,407116.37,salary,synthetic
2026-05-07,SALARY MANOJ,17000.00,,390116.37,salary,synthetic
2026-05-08,UPI MERCHANT SETT,,4927.32,395043.69,sales,synthetic
2026-05-08,UPI SETTLEMENT 525904456,,5472.75,400516.44,sales,synthetic
2026-05-09,UPI SETTLEMENT 229981882,,3027.81,403544.25,sales,synthetic
2026-05-09,REVERSAL UPI/CR/549186,,3149.30,406693.55,sales,synthetic
2026-05-09,UPI/CR/778998,,2759.14,409452.69,sales,synthetic
2026-05-10,UPI/CR/284692,,3049.19,412501.88,sales,synthetic
2026-05-10,UPI MERCHANT SETT,,4105.01,416606.89,sales,synthetic
2026-05-10,UPI/CR/965845,,3243.75,419850.64,sales,synthetic
2026-05-10,CASH DEPOSIT,,13189.96,433040.60,sales,synthetic
2026-05-11,UPI/CR/992288,,1974.48,435015.08,sales,synthetic
2026-05-11,UPI/CR/322423,,2150.73,437165.81,sales,synthetic
2026-05-11,UPI/CR/456871,,1870.73,439036.54,sales,synthetic
2026-05-11,BESCOM ELECTRICITY,6500.27,,432536.27,utilities,synthetic
2026-05-12,POS SETTLEMENT 612311,,3765.63,436301.90,sales,synthetic
2026-05-12,UPIMERCHANTSETT,,3905.14,440207.04,sales,synthetic
2026-05-13,UPI MERCHANT SETT,,3637.08,443844.12,sales,synthetic
2026-05-13,UPI MERCHANT SETT,,3264.14,447108.26,sales,synthetic
2026-05-14,UPI SETTLEMENT 874473159,,2713.20,449821.46,sales,synthetic
2026-05-14,POS SETTLEMENT 661894,,2466.86,452288.32,sales,synthetic
2026-05-14,UPI MERCHANT SETT,,2339.46,454627.78,sales,synthetic
2026-05-14,ACT FIBERNET,1199.00,,453428.78,utilities,synthetic
2026-05-15,POS SETTLEMENT 114835,,4576.48,458005.26,sales,synthetic
2026-05-15,UPI/CR/157174,,3348.67,461353.93,sales,synthetic
2026-05-15,UPI MERCHANT SETT,,3496.62,464850.55,sales,synthetic
2026-05-16,UPI SETTLEMENT 612957813,,2890.75,467741.30,sales,synthetic
2026-05-16,UPI SETTLEMENT 530256336,,2430.10,470171.40,sales,synthetic
2026-05-16,UPI/CR/950544,,2190.89,472362.29,sales,synthetic
2026-05-16,VPA shop123@oksbi,,3791.17,476153.46,sales,synthetic
2026-05-17,UPI SETTLEMENT 766823010,,2326.19,478479.65,sales,synthetic
2026-05-17,POS SETTLEMENT 317881,,2929.57,481409.22,sales,synthetic
2026-05-17,POS SETTLEMENT 792509,,3117.27,484526.49,sales,synthetic
2026-05-17,UPI SETTLEMENT 357553274,,2127.68,486654.17,sales,synthetic
2026-05-17,CASH DEP KORAMANGALA,,11034.92,497689.09,sales,synthetic
2026-05-17,IMPS/METRO CASH CARRY,13518.60,,484170.49,suppliers,synthetic
2026-05-18,POS SETTLEMENT 220351,,2546.13,486716.62,sales,synthetic
2026-05-18,REFUND POS SETTLEMENT 2,,2597.47,489314.09,sales,synthetic
2026-05-18,UPI/CR/273982,,2984.68,492298.77,sales,synthetic
2026-05-19,UPI MERCHANT SETT,,2567.81,494866.58,sales,synthetic
2026-05-19,UPI SETTLEMENT 570040006,,2309.35,497175.93,sales,synthetic
2026-05-19,UPI/CR/437978,,2463.88,499639.81,sales,synthetic
2026-05-20,UPI/CR/804938,,5250.65,504890.46,sales,synthetic
2026-05-20,UPI/abc123@oksbi,,4566.97,509457.43,sales,synthetic
2026-05-20,GST TAX PAYMENT,13800.00,,495657.43,tax,synthetic
2026-05-21,UPI/CR/592841,,2780.86,498438.29,sales,synthetic
2026-05-21,UPISETTLEMENT538460431,,3613.87,502052.16,sales,synthetic
2026-05-21,UPI MERCHANT SETT,,3715.88,505768.04,sales,synthetic
2026-05-22,UPI MERCHANT SETT,,3768.90,509536.94,sales,synthetic
2026-05-22,UPI MERCHANT SETT,,3559.75,513096.69,sales,synthetic
2026-05-22,UPI/CR/296694,,3251.72,516348.41,sales,synthetic
2026-05-22,IMPS/NANDINI DISTRIB,13072.66,,503275.75,suppliers,synthetic
2026-05-23,UPI MERCHANT SETT,,5731.41,509007.16,sales,synthetic
2026-05-23,UPI SETTLEMENT 200082623,,4538.43,513545.59,sales,synthetic
2026-05-23,POS SETTLEMENT 223172,,4277.22,517822.81,sales,synthetic
2026-05-24,UPI/grocerypay@okaxis,,2233.28,520056.09,sales,synthetic
2026-05-24,POS SETTLEMENT 632929,,3103.74,523159.83,sales,synthetic
2026-05-24,UPI MERCHANT SETT,,3329.41,526489.24,sales,synthetic
2026-05-24,UPI/CR/632401,,2187.23,528676.47,sales,synthetic
2026-05-24,CDMCASHDEP,,19667.14,548343.61,sales,synthetic
2026-05-25,UPI MERCHANT SETT,,2855.64,551199.25,sales,synthetic
2026-05-25,POS SETTLEMENT 297816,,2922.54,554121.79,sales,synthetic
2026-05-25,UPI MERCHANT SETT,,2653.65,556775.44,sales,synthetic
2026-05-26,UPI MERCHANT SETT,,3126.39,559901.83,sales,synthetic
2026-05-26,UPI/CR/626690,,2454.15,562355.98,sales,synthetic
2026-05-26,UPI SETTLEMENT 207765664,,2892.91,565248.89,sales,synthetic
2026-05-27,UPI/CR/592296,,4069.86,569318.75,sales,synthetic
2026-05-27,UPI MERCHANT SETT,,4701.78,574020.53,sales,synthetic
2026-05-28,UPI SETTLEMENT 680911523,,3352.58,577373.11,sales,synthetic
2026-05-28,UPI/CR/817644,,3839.80,581212.91,sales,synthetic
2026-05-28,UPI MERCHANT SETT,,3093.02,584305.93,sales,synthetic
2026-05-28,BANK CHARGES,67.72,,584238.21,charges,synthetic
2026-05-29,UPI/CR/407618,,6291.95,590530.16,sales,synthetic
2026-05-29,POS SETTLEMENT 551607,,3685.82,594215.98,sales,synthetic
2026-05-30,POS SETTLEMENT 621841,,2303.46,596519.44,sales,synthetic
2026-05-30,UPI/CR/768891,,3767.81,600287.25,sales,synthetic
2026-05-30,UPI SETTLEMENT 593460064,,3303.42,603590.67,sales,synthetic
2026-05-31,UPI MERCHANT SETT,,3029.56,606620.23,sales,synthetic
2026-05-31,UPI MERCHANT SETT,,3090.41,609710.64,sales,synthetic
2026-05-31,UPI/CR/499889,,2102.75,611813.39,sales,synthetic
2026-05-31,CDM CASH DEP,,16472.56,628285.95,sales,synthetic
2026-06-01,UPI MERCHANT SETT,,1985.73,630271.68,sales,synthetic
2026-06-01,POS SETTLEMENT 400096,,2123.12,632394.80,sales,synthetic
2026-06-01,POS SETTLEMENT 940886,,2190.59,634585.39,sales,synthetic
2026-06-02,UPI SETTLEMENT 774576271,,2841.16,637426.55,sales,synthetic
2026-06-02,UPI SETTLEMENT 431714152,,2748.22,640174.77,sales,synthetic
2026-06-02,POS SETTLEMENT 482584,,3017.88,643192.65,sales,synthetic
2026-06-02,NEFT RENT SHOP,28000.00,,615192.65,rent,synthetic
2026-06-03,UPI/CR/626169,,2824.49,618017.14,sales,synthetic
2026-06-03,UPI MERCHANT SETT,,2733.00,620750.14,sales,synthetic
2026-06-03,UPI/CR/882824,,3589.93,624340.07,sales,synthetic
2026-06-04,UPI/CR/516716,,3459.68,627799.75,sales,synthetic
2026-06-04,UPI SETTLEMENT 196961971,,3287.18,631086.93,sales,synthetic
2026-06-05,UPI/CR/962367,,4518.24,635605.17,sales,synthetic
2026-06-05,UPI MERCHANT SETT,,4517.04,640122.21,sales,synthetic
2026-06-06,UPI SETTLEMENT 424474225,,3031.58,643153.79,sales,synthetic
2026-06-06,UPI/CR/139019,,2686.17,645839.96,sales,synthetic
2026-06-06,POS SETTLEMENT 221761,,4347.46,650187.42,sales,synthetic
2026-06-06,UPI MERCHANT SETT,,4534.27,654721.69,sales,synthetic
2026-06-07,UPI SETTLEMENT 761051532,,2844.08,657565.77,sales,synthetic
2026-06-07,UPI MERCHANT SETT,,3082.65,660648.42,sales,synthetic
2026-06-07,UPI/CR/997004,,2736.40,663384.82,sales,synthetic
2026-06-07,UPI/CR/485178,,3004.95,666389.77,sales,synthetic
2026-06-07,CDM CASH DEP,,9787.15,676176.92,sales,synthetic
2026-06-07,SALARY RAJESH,18500.00,,657676.92,salary,synthetic
2026-06-07,SALARY,17000.00,,640676.92,salary,synthetic
2026-06-08,POS SETTLEMENT 925013,,1440.59,642117.51,sales,synthetic
2026-06-08,POS SETTLEMENT 925206,,1887.14,644004.65,sales,synthetic
2026-06-08,POS SETTLEMENT 970127,,2233.61,646238.26,sales,synthetic
2026-06-09,POS SETTLE,,2750.33,648988.59,sales,synthetic
2026-06-09,POS SETTLEMENT 362829,,4326.13,653314.72,sales,synthetic
2026-06-10,UPI/CR/282710,,3406.18,656720.90,sales,synthetic
2026-06-10,UPI MERCHANT SETT,,2445.16,659166.06,sales,synthetic
2026-06-11,POS SETTLEMENT 573962,,4471.21,663637.27,sales,synthetic
2026-06-11,UPI/CR/862569,,3862.43,667499.70,sales,synthetic
2026-06-11,BESCOM ELECTRICITY,6710.07,,660789.63,utilities,synthetic
2026-06-12,UPI MERCHANT SETT,,6621.22,667410.85,sales,synthetic
2026-06-12,POS SETTLEMENT 184714,,5237.04,672647.89,sales,synthetic
2026-06-13,UPI MERCHANT SETT,,3197.36,675845.25,sales,synthetic
2026-06-13,UPI SETTLEMENT 206492059,,3428.74,679273.99,sales,synthetic
2026-06-13,POSSETTLEMENT782535,,2824.23,682098.22,sales,synthetic
2026-06-13,UPI MERCHANT SETT,,3219.30,685317.52,sales,synthetic
2026-06-13,IMPS/NANDINI DIST,10115.86,,675201.66,suppliers,synthetic
2026-06-14,UPI SETTLEMENT 500126515,,2255.30,677456.96,sales,synthetic
2026-06-14,UPI/CR/688967,,2879.48,680336.44,sales,synthetic
2026-06-14,UPI/CR/530764,,3442.77,683779.21,sales,synthetic
2026-06-14,UPI/abc123@oksbi,,20356.90,704136.11,sales,synthetic
2026-06-14,ACT FIBERNET,1199.00,,702937.11,utilities,synthetic
2026-06-15,UPI SETTLEMENT 805165232,,2490.70,705427.81,sales,synthetic
2026-06-15,UPI/CR/683286,,2861.89,708289.70,sales,synthetic
2026-06-15,VPA storepay@upi,,2262.83,710552.53,sales,synthetic
2026-06-15,LOAN EMI,12500.00,,698052.53,emi,synthetic
2026-06-16,UPI/CR/386544,,4112.73,702165.26,sales,synthetic
2026-06-16,POS SETTLEMENT 468074,,4193.07,706358.33,sales,synthetic
2026-06-17,UPI MERCHANT SETT,,2192.82,708551.15,sales,synthetic
2026-06-17,UPI/CR/265055,,2458.17,711009.32,sales,synthetic
2026-06-17,UPI SETTLEMENT 434618074,,1446.55,712455.87,sales,synthetic
2026-06-18,UPIMERCHANTSETT,,4762.42,717218.29,sales,synthetic
2026-06-18,UPI/CR/534303,,4887.00,722105.29,sales,synthetic
2026-06-18,CARD PURCHASE AMAZON,2261.71,,719843.58,personal,synthetic
2026-06-19,UPI/CR/314353,,2768.65,722612.23,sales,synthetic
2026-06-19,REVERSAL UPI/CR/243901,,2603.66,725215.89,sales,synthetic
2026-06-19,UPI SETTLEMENT 410791488,,4037.51,729253.40,sales,synthetic
2026-06-20,UPI MERCHANT SETT,,2116.71,731370.11,sales,synthetic
2026-06-20,UPI SETTLEMENT 896760809,,2559.33,733929.44,sales,synthetic
2026-06-20,UPI/grocerypay@okaxis,,2280.99,736210.43,sales,synthetic
2026-06-20,UPI MERCHANT SETT,,2736.79,738947.22,sales,synthetic
2026-06-20,GST TAX PAYMENT,14200.00,,724747.22,tax,synthetic
2026-06-21,UPI SETTLEMENT 488536370,,1676.00,726423.22,sales,synthetic
2026-06-21,UPI MERCHANT SETT,,2211.52,728634.74,sales,synthetic
2026-06-21,UPI/CR/514991,,2005.66,730640.40,sales,synthetic
2026-06-21,UPI/CR,,2246.03,732886.43,sales,synthetic
2026-06-21,CASH DEP,,19128.53,752014.96,sales,synthetic
2026-06-22,POS SETTLEMENT 862712,,3020.42,755035.38,sales,synthetic
2026-06-22,REVERSAL UPI/CR/253557,,4313.15,759348.53,sales,synthetic
2026-06-23,UPI MERCHANT SETT,,5161.91,764510.44,sales,synthetic
2026-06-23,UPI MERCHANT SETT,,3806.79,768317.23,sales,synthetic
2026-06-24,UPI/CR/417530,,3992.17,772309.40,sales,synthetic
2026-06-24,UPI SETTLEMENT 735032128,,2932.29,775241.69,sales,synthetic
2026-06-24,UPI SETTLEMENT 433297890,,2748.31,777990.00,sales,synthetic
2026-06-25,UPI SETTLEMENT 644459924,,2243.07,780233.07,sales,synthetic
2026-06-25,POS SETTLEMENT 949153,,2233.18,782466.25,sales,synthetic
2026-06-25,POS SETTLEMENT 734394,,1967.79,784434.04,sales,synthetic
2026-06-25,ADVANCE TAX,24000.00,,760434.04,tax,synthetic
2026-06-26,POS SETTLEMENT 629057,,5252.13,765686.17,sales,synthetic
2026-06-26,UPI MERCHANT SETT,,5632.16,771318.33,sales,synthetic
2026-06-27,UPI/CR/154909,,4087.98,775406.31,sales,synthetic
2026-06-27,UPI MERCHANT SETT,,3047.61,778453.92,sales,synthetic
2026-06-27,POS SETTLEMENT 364236,,3806.62,782260.54,sales,synthetic
2026-06-27,CARD PURCHASE AMAZON,1280.86,,780979.68,personal,synthetic
2026-06-28,UPI/CR/494976,,3591.42,784571.10,sales,synthetic
2026-06-28,UPI SETTLEMENT 973150512,,3001.20,787572.30,sales,synthetic
2026-06-28,UPI/CR/543973,,3392.24,790964.54,sales,synthetic
2026-06-28,POS SETTLEMENT 480211,,4052.63,795017.17,sales,synthetic
2026-06-28,CDM CASH DEP,,21365.20,816382.37,sales,synthetic
2026-06-28,BANK CHARGES,83.47,,816298.90,charges,synthetic
2026-06-29,UPI SETTLEMENT 679574436,,3439.45,819738.35,sales,synthetic
2026-06-29,POS SETTLEMENT 453123,,2946.04,822684.39,sales,synthetic
2026-06-30,UPI MERCHANT SETT,,3222.28,825906.67,sales,synthetic
2026-06-30,POS SETTLEMENT 530816,,3125.12,829031.79,sales,synthetic
2026-07-01,POS SETTLEMENT 922471,,2993.17,832024.96,sales,synthetic
2026-07-01,UPI MERCHANT SETT,,2149.45,834174.41,sales,synthetic
2026-07-01,UPI MERCHANT SETT,,2157.38,836331.79,sales,synthetic
2026-07-02,UPI MERCHANT SETT,,4760.33,841092.12,sales,synthetic
2026-07-02,UPI SETTLEMENT 498585961,,3156.90,844249.02,sales,synthetic
2026-07-02,NEFT RENT SHOP,28000.00,,816249.02,rent,synthetic
2026-07-03,UPI MERCHANT SETT,,3941.41,820190.43,sales,synthetic
2026-07-03,UPI SETTLEMENT 475364113,,2499.58,822690.01,sales,synthetic
2026-07-04,POS SETTLEMENT 781533,,2482.38,825172.39,sales,synthetic
2026-07-04,UPI MERCHANT SETT,,1770.68,826943.07,sales,synthetic
2026-07-04,UPI MERCHANT SETT,,1372.43,828315.50,sales,synthetic
2026-07-04,UPI SETTLEMENT 581682167,,2409.21,830724.71,sales,synthetic
2026-07-05,REVERSAL POS SETTLEMENT 913,,3401.70,834126.41,sales,synthetic
2026-07-05,POS SETTLEMENT 227767,,3755.52,837881.93,sales,synthetic
2026-07-05,UPI MERCHANT SETT,,3359.99,841241.92,sales,synthetic
2026-07-05,CASH DEP KORAMANGALA,,9816.49,851058.41,sales,synthetic
2026-07-05,BANK CHARGES,244.03,,850814.38,charges,synthetic
2026-07-06,UPI MERCHANT SETT,,3576.60,854390.98,sales,synthetic
2026-07-06,UPI SETTLEMENT 301126777,,2865.89,857256.87,sales,synthetic
2026-07-07,UPI MERCHANT SETT,,3648.75,860905.62,sales,synthetic
2026-07-07,UPI MERCHANT SETT,,4165.60,865071.22,sales,synthetic
2026-07-07,SALARY RAJESH,18500.00,,846571.22,salary,synthetic
2026-07-07,SALARY MANOJ,17000.00,,829571.22,salary,synthetic
2026-07-08,UPI/CR/208699,,2748.79,832320.01,sales,synthetic
2026-07-08,UPI/CR/469412,,3135.35,835455.36,sales,synthetic
2026-07-08,REFUND IMPS/SHREE WHOLE,13433.97,,822021.39,suppliers,synthetic
2026-07-09,POS SETTLEMENT 138780,,3060.99,825082.38,sales,synthetic
2026-07-09,UPI SETTLEMENT 147036629,,4835.93,829918.31,sales,synthetic
2026-07-09,ATM CASH WDL,4163.02,,825755.29,personal,synthetic
2026-07-10,UPI/CR/787584,,2543.42,828298.71,sales,synthetic
2026-07-10,UPI/CR/938171,,1798.67,830097.38,sales,synthetic
2026-07-10,UPI MERCHANT SETT,,2018.41,832115.79,sales,synthetic
2026-07-11,UPI MERCHANT SETT,,2878.08,834993.87,sales,synthetic
2026-07-11,POS SETTLEMENT 551524,,3616.17,838610.04,sales,synthetic
2026-07-11,UPI SETTLEMENT 685698675,,2915.70,841525.74,sales,synthetic
2026-07-11,BESCOM ELECTRICITY,5952.30,,835573.44,utilities,synthetic
2026-07-12,UPI MERCHANT SETT,,2511.98,838085.42,sales,synthetic
2026-07-12,UPI SETTLEMENT 394801573,,1777.42,839862.84,sales,synthetic
2026-07-12,UPI MERCHANT SETT,,2147.04,842009.88,sales,synthetic
2026-07-12,VPA storepay@upi,,2151.33,844161.21,sales,synthetic
2026-07-12,CASH DEPOSIT,,21386.26,865547.47,sales,synthetic
2026-07-13,POS SETTLEMENT 694799,,1111.50,866658.97,sales,synthetic
2026-07-13,UPI/CR/488984,,1752.23,868411.20,sales,synthetic
2026-07-13,POS SETTLEMENT 900152,,1380.93,869792.13,sales,synthetic
2026-07-13,UPI REFUND,,1137.84,870929.97,other_income,synthetic
2026-07-14,UPI/CR/223481,,1414.78,872344.75,sales,synthetic
2026-07-14,UPI MERCHANT SETT,,2102.46,874447.21,sales,synthetic
2026-07-14,UPI MERCHANT SETT,,1840.93,876288.14,sales,synthetic
2026-07-14,ACT FIBERNET,1199.00,,875089.14,utilities,synthetic
2026-07-15,UPI/CR/949884,,3365.56,878454.70,sales,synthetic
2026-07-15,UPI SETTLEMENT 817087513,,4294.18,882748.88,sales,synthetic
2026-07-15,LOANEMI,12500.00,,870248.88,emi,synthetic
2026-07-16,POS SETTLEMENT 479052,,2616.69,872865.57,sales,synthetic
2026-07-16,POS SETTLEMENT 310743,,2916.89,875782.46,sales,synthetic
2026-07-16,UPI SETTLEMENT 354193540,,2513.45,878295.91,sales,synthetic
2026-07-17,UPI MERCHANT SETT,,2833.36,881129.27,sales,synthetic
2026-07-17,UPI MERCHANT SETT,,1708.75,882838.02,sales,synthetic
2026-07-17,POS SETTLEMENT 702826,,2703.18,885541.20,sales,synthetic
2026-07-18,POS SETTLEMENT 678083,,3133.17,888674.37,sales,synthetic
2026-07-18,UPI SETTLEMENT 924399252,,2563.81,891238.18,sales,synthetic
2026-07-18,POS SETTLEMENT 230192,,3468.84,894707.02,sales,synthetic
2026-07-18,UPI DR ZOMATO,3978.11,,890728.91,personal,synthetic
2026-07-19,UPI/CR/231250,,3249.56,893978.47,sales,synthetic
2026-07-19,POS SETTLEMENT 659392,,2796.80,896775.27,sales,synthetic
2026-07-19,REFUND POS SETTLEMENT 7,,2401.22,899176.49,sales,synthetic
2026-07-19,UPI/CR/855638,,2627.64,901804.13,sales,synthetic
2026-07-19,CASH DEP,,19952.89,921757.02,sales,synthetic
2026-07-20,UPI MERCHANT SETT,,4130.62,925887.64,sales,synthetic
2026-07-20,UPI MERC,,3051.19,928938.83,sales,synthetic
2026-07-20,IMPS/NANDINI DISTRIBUTORS,13165.75,,915773.08,suppliers,synthetic
2026-07-20,GST TAX PAYMENT,10800.00,,904973.08,tax,synthetic
2026-07-21,POS SETTLEMENT 822063,,4074.02,909047.10,sales,synthetic
2026-07-21,VPA shop123@oksbi,,3221.32,912268.42,sales,synthetic
2026-07-22,UPI/CR/237118,,2850.38,915118.80,sales,synthetic
2026-07-22,UPI/CR/211341,,2874.33,917993.13,sales,synthetic
2026-07-23,UPI MERCHANT SETT,,3089.21,921082.34,sales,synthetic
2026-07-23,REFUND UPI/CR/952993,,2759.22,923841.56,sales,synthetic
2026-07-24,UPI SETTLEMENT 431292818,,1578.68,925420.24,sales,synthetic
2026-07-24,POS SETTLEMENT 629996,,2574.73,927994.97,sales,synthetic
2026-07-24,UPI SETTLEMENT 331009561,,1944.74,929939.71,sales,synthetic
2026-07-25,UPI/CR/240440,,3085.96,933025.67,sales,synthetic
2026-07-25,UPI MERCHANT SETT,,2824.39,935850.06,sales,synthetic
2026-07-25,UPI SETTLEMENT 492922240,,2230.44,938080.50,sales,synthetic
2026-07-25,UPI/CR/304110,,1804.18,939884.68,sales,synthetic
2026-07-26,UPI SETTLEMENT 769200551,,2517.86,942402.54,sales,synthetic
2026-07-26,UPI/CR/513037,,2672.80,945075.34,sales,synthetic
2026-07-26,UPI/CR/684929,,3101.71,948177.05,sales,synthetic
2026-07-26,CASH DEPOSIT,,18814.55,966991.60,sales,synthetic
2026-07-27,REVERSAL POS SETTLEMENT 644,,1732.59,968724.19,sales,synthetic
2026-07-27,UPI/CR/246570,,1863.73,970587.92,sales,synthetic
2026-07-27,UPI MERCHANT SETT,,2143.93,972731.85,sales,synthetic
2026-07-28,UPI/CR/117445,,2072.11,974803.96,sales,synthetic
2026-07-28,UPI MERCHANT SETT,,2047.55,976851.51,sales,synthetic
2026-07-28,UPI SETTLEMENT 726745401,,2137.88,978989.39,sales,synthetic
2026-07-28,BANK CHARGES,303.63,,978685.76,charges,synthetic
2026-07-29,UPI MERCHANT SETT,,4075.35,982761.11,sales,synthetic
2026-07-29,POS SETTLEMENT 961574,,3113.65,985874.76,sales,synthetic
2026-07-30,UPI MERCHANT SETT,,2799.21,988673.97,sales,synthetic
2026-07-30,UPI MERCHANT SETT,,2760.46,991434.43,sales,synthetic
2026-07-31,UPI/CR/495129,,3309.76,994744.19,sales,synthetic
2026-07-31,UPI/CR/659024,,4147.45,998891.64,sales,synthetic
2026-08-01,POS SETTLEMENT 908634,,2986.63,1001878.27,sales,synthetic
2026-08-01,UPI/CR/612756,,3105.87,1004984.14,sales,synthetic
2026-08-01,UPI/CR/687713,,3790.63,1008774.77,sales,synthetic
2026-08-01,UPI MERCHANT SETT,,3058.29,1011833.06,sales,synthetic
2026-08-02,UPI MERCHANT SETT,,3031.09,1014864.15,sales,synthetic
2026-08-02,UPI/CR/968170,,3920.03,1018784.18,sales,synthetic
2026-08-02,POS SETTLEMENT 829988,,3153.50,1021937.68,sales,synthetic
2026-08-02,CASH DEPOSIT,,10419.95,1032357.63,sales,synthetic
2026-08-02,NEFT RENT SHOP,28000.00,,1004357.63,rent,synthetic
2026-08-03,POS SETTLEMENT 595351,,3481.43,1007839.06,sales,synthetic
2026-08-03,UPI MERCHANT SETT,,4511.76,1012350.82,sales,synthetic
2026-08-04,POS SETTLEMENT 906066,,3478.04,1015828.86,sales,synthetic
2026-08-04,UPI SETTLEMENT 674615376,,2630.20,1018459.06,sales,synthetic
2026-08-04,POS SETTLEMENT 538184,,2626.89,1021085.95,sales,synthetic
2026-08-04,IMPS/NANDINI DISTRIBUTORS,7015.21,,1014070.74,suppliers,synthetic
2026-08-05,UPI MERCHANT SETT,,2813.66,1016884.40,sales,synthetic
2026-08-05,UPI MERCHANT SETT,,4150.46,1021034.86,sales,synthetic
2026-08-05,UPI SETTLEMENT 392956587,,3048.23,1024083.09,sales,synthetic
2026-08-05,BANK CHARGES,300.52,,1023782.57,charges,synthetic
2026-08-06,POS SETTLEMENT 894068,,3208.29,1026990.86,sales,synthetic
2026-08-06,UPI MERCHANT SETT,,3118.50,1030109.36,sales,synthetic
2026-08-07,UPI/CR/107161,,2994.97,1033104.33,sales,synthetic
2026-08-07,UPI/CR/568436,,2204.64,1035308.97,sales,synthetic
2026-08-07,UPI SETTLEMENT 453932473,,2132.58,1037441.55,sales,synthetic
2026-08-07,UPI/abc123@oksbi,18500.00,,1018941.55,salary,synthetic
2026-08-07,SALARY MANOJ,17000.00,,1001941.55,salary,synthetic
2026-08-08,UPI/CR/907236,,2985.29,1004926.84,sales,synthetic
2026-08-08,UPI/CR/769737,,3121.58,1008048.42,sales,synthetic
2026-08-08,POS SETTLEMENT 744481,,3579.74,1011628.16,sales,synthetic
2026-08-08,UPI MERCHANT SETT,,3819.30,1015447.46,sales,synthetic
2026-08-09,UPI SETTLEMENT 334517688,,2717.33,1018164.79,sales,synthetic
2026-08-09,UPI/CR/653829,,2593.16,1020757.95,sales,synthetic
2026-08-09,UPI SETTLEMENT 183862154,,2698.78,1023456.73,sales,synthetic
2026-08-09,POS SETTLEMENT 674251,,2899.22,1026355.95,sales,synthetic
2026-08-09,REFUND CASH DEPOSIT,,16445.12,1042801.07,sales,synthetic
2026-08-10,UPI SETTLEMENT 648011361,,1825.06,1044626.13,sales,synthetic
2026-08-10,UPI MERCHANT SETT,,2327.52,1046953.65,sales,synthetic
2026-08-10,UPI MERCHANT SETT,,1672.81,1048626.46,sales,synthetic
2026-08-11,UPI MERCHANT SETT,,3862.09,1052488.55,sales,synthetic
2026-08-11,UPI/abc123@oksbi,,3724.50,1056213.05,sales,synthetic
2026-08-11,BESCOM ELECTRICITY,4379.34,,1051833.71,utilities,synthetic
2026-08-12,UPI MERCHANT SETT,,1765.08,1053598.79,sales,synthetic
2026-08-12,VPA shop123@oksbi,,2451.12,1056049.91,sales,synthetic
2026-08-12,POS SETTLEMENT 464663,,2570.09,1058620.00,sales,synthetic
2026-08-13,UPI MERCHANT SETT,,5320.28,1063940.28,sales,synthetic
2026-08-13,POS SETTLEMENT 497700,,4480.83,1068421.11,sales,synthetic
2026-08-14,UPI MERCHANT SETT,,1957.39,1070378.50,sales,synthetic
2026-08-14,POS SETTLEMENT 903265,,2949.31,1073327.81,sales,synthetic
2026-08-14,UPI SETTLEMENT 321278458,,2790.83,1076118.64,sales,synthetic
2026-08-14,ACT FIBERNET,1199.00,,1074919.64,utilities,synthetic
2026-08-15,POS SETTLEMENT 913761,,2797.03,1077716.67,sales,synthetic
2026-08-15,UPI/CR/345536,,3708.80,1081425.47,sales,synthetic
2026-08-15,UPI/CR/910065,,3941.63,1085367.10,sales,synthetic
2026-08-15,LOAN EMI,12500.00,,1072867.10,emi,synthetic
2026-08-16,POS SETTLEMENT 720407,,5218.51,1078085.61,sales,synthetic
2026-08-16,UPI MERCHANT SETT,,4885.57,1082971.18,sales,synthetic
2026-08-16,UPI MERCHANT SETT,,4457.66,1087428.84,sales,synthetic
2026-08-16,CDM CASH DEP,,19215.46,1106644.30,sales,synthetic
2026-08-16,IMPS/NANDINI DISTRIBUTORS,6514.44,,1100129.86,suppliers,synthetic
2026-08-17,UPI/ramesh@upi,,1868.00,1101997.86,sales,synthetic
2026-08-17,POS SETTLEMENT 684357,,2716.37,1104714.23,sales,synthetic
2026-08-17,POSSETTLEMENT354655,,1759.31,1106473.54,sales,synthetic
2026-08-18,UPI SETTLEMENT 878016905,,6128.78,1112602.32,sales,synthetic
2026-08-18,UPI SETTLEMENT 388258432,,3832.03,1116434.35,sales,synthetic
2026-08-19,UPI SETTLEMENT 116464447,,4706.34,1121140.69,sales,synthetic
2026-08-19,POS SETTLEMENT 890973,,3466.25,1124606.94,sales,synthetic
2026-08-20,UPI/CR/588899,,3978.02,1128584.96,sales,synthetic
2026-08-20,UPI MERCHANT SETT,,4210.83,1132795.79,sales,synthetic
2026-08-20,GST TAX PAYMENT,15100.00,,1117695.79,tax,synthetic
2026-08-21,POS SETTLEMENT 689849,,3750.52,1121446.31,sales,synthetic
2026-08-21,UPI MERCHANT SETT,,3455.13,1124901.44,sales,synthetic
2026-08-21,UPI/CR/305721,,3732.08,1128633.52,sales,synthetic
2026-08-22,UPI MERCHANT SETT,,4354.25,1132987.77,sales,synthetic
2026-08-22,UPI/CR/868367,,4426.54,1137414.31,sales,synthetic
2026-08-22,UPI MERCHANT SETT,,3404.44,1140818.75,sales,synthetic
2026-08-22,REVERSAL CREDIT,,2150.00,1142968.75,other_income,synthetic
2026-08-23,UPI MERCHANT SETT,,4448.06,1147416.81,sales,synthetic
2026-08-23,POS SETTLEMENT 983472,,2752.12,1150168.93,sales,synthetic
2026-08-23,UPI/ramesh@upi,,4401.33,1154570.26,sales,synthetic
2026-08-23,CASH DEP KORAMANGALA,,11843.36,1166413.62,sales,synthetic
2026-08-24,UPI/CR/857273,,2142.94,1168556.56,sales,synthetic
2026-08-24,UPI MERCHANT SETT,,3078.99,1171635.55,sales,synthetic
2026-08-24,UPI SETTLEMENT 965615974,,2859.92,1174495.47,sales,synthetic
2026-08-25,UPI SETTLEMENT 387037751,,3071.20,1177566.67,sales,synthetic
2026-08-25,POS SETTLEMENT 525750,,3594.99,1181161.66,sales,synthetic
2026-08-25,IMPS/NANDINI DISTRIBUTORS,13734.56,,1167427.10,suppliers,synthetic
2026-08-26,POS SETTLEMENT 767678,,3023.34,1170450.44,sales,synthetic
2026-08-26,UPI MERCHANT SETT,,3362.53,1173812.97,sales,synthetic
2026-08-27,UPI/CR/598598,,6357.43,1180170.40,sales,synthetic
2026-08-27,UPI/CR/817675,,4256.23,1184426.63,sales,synthetic
2026-08-28,UPI MERCHANT SETT,,4854.97,1189281.60,sales,synthetic
2026-08-28,POS SETTLEMENT 413814,,6975.67,1196257.27,sales,synthetic
2026-08-28,BANK CHARGES,254.74,,1196002.53,charges,synthetic
2026-08-29,UPI MERCHANT SETT,,2593.65,1198596.18,sales,synthetic
2026-08-29,UPI/CR/179710,,4277.99,1202874.17,sales,synthetic
2026-08-29,UPI MERCHANT SETT,,3753.32,1206627.49,sales,synthetic
2026-08-29,UPI/CR/131064,,3309.93,1209937.42,sales,synthetic
2026-08-30,UPI/CR/189856,,3994.79,1213932.21,sales,synthetic
2026-08-30,UPI SETTLEMENT 956905222,,3029.55,1216961.76,sales,synthetic
2026-08-30,UPI MERCHANT SETT,,3499.28,1220461.04,sales,synthetic
2026-08-30,CASH DEPOSIT,,18251.80,1238712.84,sales,synthetic
2026-08-31,POS SETTLEMENT 382870,,1728.68,1240441.52,sales,synthetic
2026-08-31,UPI MERCHANT SETT,,2898.52,1243340.04,sales,synthetic
2026-08-31,VPA storepay@upi,,2213.98,1245554.02,sales,synthetic
2026-09-01,UPI/CR/112940,,3371.61,1248925.63,sales,synthetic
2026-09-01,UPI SETTLEMENT 544325176,,4723.17,1253648.80,sales,synthetic
2026-09-02,UPI/grocerypay@okaxis,,4361.70,1258010.50,sales,synthetic
2026-09-02,POS SETTLEMENT 253023,,5050.92,1263061.42,sales,synthetic
2026-09-02,NEFT RENT SHOP,28000.00,,1235061.42,rent,synthetic
2026-09-03,POS SETTLEMENT 755395,,2946.09,1238007.51,sales,synthetic
2026-09-03,UPI/CR/242071,,2309.00,1240316.51,sales,synthetic
2026-09-03,UPI MERCHANT SETT,,3190.25,1243506.76,sales,synthetic
2026-09-04,POS SETTLEMENT 436241,,3586.01,1247092.77,sales,synthetic
2026-09-04,UPI MERCHANT SETT,,3275.20,1250367.97,sales,synthetic
2026-09-04,UPI MERCHANT SETT,,3173.14,1253541.11,sales,synthetic
2026-09-05,UPI SETTLEMENT 735898931,,3756.45,1257297.56,sales,synthetic
2026-09-05,VPA xxxx@okhdfcbank,,2954.15,1260251.71,sales,synthetic
2026-09-05,UPI SETTLEMENT 570787423,,2425.59,1262677.30,sales,synthetic
2026-09-05,REFUND UPI MERCHANT SET,,3277.90,1265955.20,sales,synthetic
2026-09-05,BANK CHARGES,153.70,,1265801.50,charges,synthetic
2026-09-06,UPI MERCHANT SETT,,3547.89,1269349.39,sales,synthetic
2026-09-06,UPI/CR/929130,,3687.10,1273036.49,sales,synthetic
2026-09-06,UPI SETTLEMENT 853374076,,2338.92,1275375.41,sales,synthetic
2026-09-06,UPI/CR/360289,,4067.21,1279442.62,sales,synthetic
2026-09-06,CASHDEP,,11162.40,1290605.02,sales,synthetic
2026-09-07,POS SETTLEMENT 371306,,3241.86,1293846.88,sales,synthetic
2026-09-07,UPI MERCHANT SETT,,4247.21,1298094.09,sales,synthetic
2026-09-07,POS SETTLEMENT 812565,,2753.61,1300847.70,sales,synthetic
2026-09-07,SALARY RAJESH,18500.00,,1282347.70,salary,synthetic
2026-09-07,SALARY MANOJ,17000.00,,1265347.70,salary,synthetic
2026-09-08,UPI/CR,,2175.26,1267522.96,sales,synthetic
2026-09-08,POS SETTLE,,2925.37,1270448.33,sales,synthetic
2026-09-08,UPI MERCHANT SETT,,1763.05,1272211.38,sales,synthetic
2026-09-09,POS SETTLEMENT 779445,,2523.90,1274735.28,sales,synthetic
2026-09-09,POS SETTLEMENT 355761,,3401.24,1278136.52,sales,synthetic
2026-09-09,UPI MERCHANT SETT,,2205.30,1280341.82,sales,synthetic
2026-09-10,UPI MERCHANT SETT,,4223.77,1284565.59,sales,synthetic
2026-09-10,UPI SETTLEMENT 735873300,,3617.70,1288183.29,sales,synthetic
2026-09-11,POS SETTLEMENT 206694,,4462.03,1292645.32,sales,synthetic
2026-09-11,UPI MERCHANT SETT,,4682.09,1297327.41,sales,synthetic
2026-09-11,IMPS/SHREE WHOLESALE MART,19802.18,,1277525.23,suppliers,synthetic
2026-09-11,BESCOM ELECTRICITY,5897.77,,1271627.46,utilities,synthetic
2026-09-12,UPI/CR/840282,,3517.91,1275145.37,sales,synthetic
2026-09-12,POS SETTLEMENT 718836,,3038.31,1278183.68,sales,synthetic
2026-09-12,UPI/CR/350161,,4036.49,1282220.17,sales,synthetic
2026-09-12,POS SETTLEMENT 291936,,3578.81,1285798.98,sales,synthetic
2026-09-13,POS SETTLEMENT 281649,,3438.00,1289236.98,sales,synthetic
2026-09-13,POS SETTLEMENT 402865,,3138.38,1292375.36,sales,synthetic
2026-09-13,UPI SETTLEMENT 437777716,,3264.00,1295639.36,sales,synthetic
2026-09-13,POS SETTLEMENT 110048,,3364.11,1299003.47,sales,synthetic
2026-09-13,CASH DEP KORAMANGALA,,11536.67,1310540.14,sales,synthetic
2026-09-14,UPI SETTLEMENT 279587066,,2483.80,1313023.94,sales,synthetic
2026-09-14,UPI/CR/331241,,2810.92,1315834.86,sales,synthetic
2026-09-14,UPI/CR/335765,,2412.10,1318246.96,sales,synthetic
2026-09-14,ACT FIBERNET,1199.00,,1317047.96,utilities,synthetic
2026-09-15,UPI SETTLEMENT 983993176,,2575.80,1319623.76,sales,synthetic
2026-09-15,POS SETTLEMENT 853905,,2577.80,1322201.56,sales,synthetic
2026-09-15,POS SETTLEMENT 207391,,3907.90,1326109.46,sales,synthetic
2026-09-15,LOAN EMI,12500.00,,1313609.46,emi,synthetic
2026-09-16,POS SETTLEMENT 913308,,2995.39,1316604.85,sales,synthetic
2026-09-16,UPI/CR/873443,,1850.87,1318455.72,sales,synthetic
2026-09-16,UPI/abc123@oksbi,,2999.95,1321455.67,sales,synthetic
2026-09-17,UPI/CR/658136,,5525.94,1326981.61,sales,synthetic
2026-09-17,UPI/CR/276556,,5503.37,1332484.98,sales,synthetic
2026-09-18,UPI MERCHANT SETT,,3924.37,1336409.35,sales,synthetic
2026-09-18,POS SETTLEMENT 390794,,3113.25,1339522.60,sales,synthetic
2026-09-18,POS SETTLEMENT 239136,,3827.62,1343350.22,sales,synthetic
2026-09-19,UPI SETTLEMENT 780352629,,3625.76,1346975.98,sales,synthetic
2026-09-19,UPI/CR/886224,,2984.00,1349959.98,sales,synthetic
2026-09-19,UPI MERCHANT SETT,,3286.49,1353246.47,sales,synthetic
2026-09-19,UPI SETTLEMENT 451424185,,3365.00,1356611.47,sales,synthetic
2026-09-20,UPI/CR/438548,,3842.16,1360453.63,sales,synthetic
2026-09-20,POS SETTLEMENT 673896,,3062.98,1363516.61,sales,synthetic
2026-09-20,UPI/CR/608913,,4179.81,1367696.42,sales,synthetic
2026-09-20,UPI SETTLEMENT 832884547,,3899.28,1371595.70,sales,synthetic
2026-09-20,UPI/abc123@oksbi,,10294.47,1381890.17,sales,synthetic
2026-09-20,GST TAX PAYMENT,16800.00,,1365090.17,tax,synthetic
2026-09-21,UPI/CR/238320,,2784.64,1367874.81,sales,synthetic
2026-09-21,UPI/CR/197874,,5068.37,1372943.18,sales,synthetic
2026-09-22,POS SETTLEMENT 833417,,3621.96,1376565.14,sales,synthetic
2026-09-22,UPI SETTLEMENT 560883210,,2430.74,1378995.88,sales,synthetic
2026-09-22,UPI SETTLEMENT 101166414,,3575.47,1382571.35,sales,synthetic
2026-09-23,REVERSAL UPI MERCHANT SETT,,5290.49,1387861.84,sales,synthetic
2026-09-23,UPI SETTLEMENT 845210115,,3856.03,1391717.87,sales,synthetic
2026-09-24,POS SETTLEMENT 243790,,4958.55,1396676.42,sales,synthetic
2026-09-24,UPI/ramesh@upi,,5782.66,1402459.08,sales,synthetic
2026-09-25,POS SETTLEMENT 758589,,5178.51,1407637.59,sales,synthetic
2026-09-25,UPI MERCHANT SETT,,5906.46,1413544.05,sales,synthetic
2026-09-25,ADVANCE TAX,27000.00,,1386544.05,tax,synthetic
2026-09-26,POS SETTLEMENT 429780,,2919.97,1389464.02,sales,synthetic
2026-09-26,UPI SETTLEMENT 366058599,,4293.80,1393757.82,sales,synthetic
2026-09-26,UPI/CR/730193,,3436.99,1397194.81,sales,synthetic
2026-09-27,UPI MERCHANT SETT,,2854.46,1400049.27,sales,synthetic
2026-09-27,UPI MERCHANT SETT,,2181.27,1402230.54,sales,synthetic
2026-09-27,UPI SETTLEMENT 785135687,,2508.15,1404738.69,sales,synthetic
2026-09-27,UPI MERCHANT SETT,,2917.62,1407656.31,sales,synthetic
2026-09-27,CASH DEP KORAMANGALA,,20190.58,1427846.89,sales,synthetic
2026-09-28,UPI SETTLEMENT 381519299,,4531.21,1432378.10,sales,synthetic
2026-09-28,UPI/CR/631219,,2768.17,1435146.27,sales,synthetic
2026-09-28,UPI MERCHANT SETT,,2887.11,1438033.38,sales,synthetic
2026-09-28,BANK CHARGES,297.23,,1437736.15,charges,synthetic
2026-09-29,UPI/CR/262924,,3612.33,1441348.48,sales,synthetic
2026-09-29,UPI SETTLEMENT 519544755,,4105.04,1445453.52,sales,synthetic
